Date,Hours,Opn_Hrs
3/2/2006,12,6.063588705
3/3/2006,4,1.878495088
3/4/2006,0,0
3/5/2006,0,0
3/6/2006,3,0.797800997
3/7/2006,0,0
3/8/2006,5,0.602735407
3/9/2006,0,0
3/10/2006,0,0
3/11/2006,7,4.895604417
3/12/2006,0,0
3/13/2006,0,0
3/14/2006,12,10.21665428
3/15/2006,8,3.638693543
3/16/2006,0,0
3/17/2006,3,1.512510892
3/18/2006,0,0
3/19/2006,6,0.181342046
3/20/2006,0,0
3/21/2006,0,0
3/22/2006,0,0
3/23/2006,0,0
3/24/2006,8,3.219728531
3/25/2006,0,0
3/26/2006,0,0
3/27/2006,0,0
3/28/2006,0,0
3/29/2006,0,0
3/30/2006,8,0.785371743
3/31/2006,0,0
4/1/2006,8,0.649663047
4/2/2006,0,0
4/3/2006,2,0.102212988
4/4/2006,0,0
4/5/2006,0,0
4/6/2006,0,0
4/7/2006,0,0
4/8/2006,0,0
4/9/2006,0,0
4/10/2006,7,5.9197189
4/11/2006,5,1.761082421
4/12/2006,12,1.926875803
4/13/2006,0,0
4/14/2006,0,0
4/15/2006,12,0.417905985
4/16/2006,0,0
4/17/2006,1,0.621963744
4/18/2006,3,1.089463196
4/19/2006,0,0
4/20/2006,0,0
4/21/2006,1,0.787625212
4/22/2006,11,4.259109125
4/23/2006,0,0
4/24/2006,1,0.180299466
4/25/2006,0,0
4/26/2006,0,0
4/27/2006,4,3.652435944
4/28/2006,0,0
4/29/2006,0,0
4/30/2006,0,0
5/1/2006,0,0
5/2/2006,2,1.9619363
5/3/2006,0,0
5/4/2006,0,0
5/5/2006,0,0
5/6/2006,0,0
5/7/2006,0,0
5/8/2006,11,5.251628808
5/9/2006,10,4.737381205
5/10/2006,0,0
5/11/2006,0,0
5/12/2006,4,0.529561517
5/13/2006,0,0
5/14/2006,0,0
5/15/2006,0,0
5/16/2006,0,0
5/17/2006,2,0.869071145
5/18/2006,0,0
5/19/2006,11,2.8813341
5/20/2006,12,7.922110134
5/21/2006,0,0
5/22/2006,12,0.334640007
5/23/2006,0,0
5/24/2006,0,0
5/25/2006,4,1.740633812
5/26/2006,9,5.39820709
5/27/2006,3,2.201469306
5/28/2006,0,0
5/29/2006,9,5.129424921
5/30/2006,3,2.387440365
5/31/2006,0,0
6/1/2006,0,0
6/2/2006,9,7.52226565
6/3/2006,7,6.974637399
6/4/2006,0,0
6/5/2006,0,0
6/6/2006,2,1.304691188
6/7/2006,0,0
6/8/2006,0,0
6/9/2006,0,0
6/10/2006,0,0
6/11/2006,0,0
6/12/2006,0,0
6/13/2006,0,0
6/14/2006,9,1.769820239
6/15/2006,0,0
6/16/2006,0,0
6/17/2006,7,5.289187119
6/18/2006,0,0
6/19/2006,0,0
6/20/2006,8,2.833507034
6/21/2006,0,0
6/22/2006,1,0.356534981
6/23/2006,0,0
6/24/2006,0,0
6/25/2006,0,0
6/26/2006,0,0
6/27/2006,7,6.677869342
6/28/2006,1,0.894942921
6/29/2006,12,9.762030111
6/30/2006,0,0
7/1/2006,10,5.547451928
7/2/2006,6,5.756162385
7/3/2006,9,0.814701669
7/4/2006,0,0
7/5/2006,0,0
7/6/2006,0,0
7/7/2006,0,0
7/8/2006,0,0
7/9/2006,7,0.742172621
7/10/2006,0,0
7/11/2006,0,0
7/12/2006,0,0
7/13/2006,0,0
7/14/2006,0,0
7/15/2006,0,0
7/16/2006,0,0
7/17/2006,5,4.111022396
7/18/2006,0,0
7/19/2006,6,4.41709022
7/20/2006,0,0
7/21/2006,6,4.211118465
7/22/2006,0,0
7/23/2006,0,0
7/24/2006,8,4.718250343
7/25/2006,9,5.660702819
7/26/2006,0,0
7/27/2006,7,0.848332057
7/28/2006,0,0
7/29/2006,0,0
7/30/2006,0,0
7/31/2006,0,0
8/1/2006,1,0.140359379
8/2/2006,0,0
8/3/2006,4,0.25181471
8/4/2006,6,0.049191339
8/5/2006,0,0
8/6/2006,0,0
8/7/2006,0,0
8/8/2006,0,0
8/9/2006,0,0
8/10/2006,0,0
8/11/2006,0,0
8/12/2006,9,1.262410376
8/13/2006,5,2.296573356
8/14/2006,0,0
8/15/2006,0,0
8/16/2006,0,0
8/17/2006,0,0
8/18/2006,0,0
8/19/2006,0,0
8/20/2006,0,0
8/21/2006,5,2.41617444
8/22/2006,0,0
8/23/2006,3,2.254332273
8/24/2006,6,5.567606084
8/25/2006,5,0.881142356
8/26/2006,3,0.567348764
8/27/2006,5,2.081860604
8/28/2006,0,0
8/29/2006,0,0
8/30/2006,0,0
8/31/2006,12,10.95501112
9/1/2006,0,0
9/2/2006,0,0
9/3/2006,6,0.262540836
9/4/2006,0,0
9/5/2006,0,0
9/6/2006,0,0
9/7/2006,11,10.67181753
9/8/2006,0,0
9/9/2006,9,0.12676438
9/10/2006,0,0
9/11/2006,0,0
9/12/2006,0,0
9/13/2006,0,0
9/14/2006,0,0
9/15/2006,0,0
9/16/2006,9,3.806976145
9/17/2006,8,5.796818239
9/18/2006,0,0
9/19/2006,1,0.056672514
9/20/2006,0,0
9/21/2006,1,0.593764044
9/22/2006,0,0
9/23/2006,0,0
9/24/2006,0,0
9/25/2006,0,0
9/26/2006,0,0
9/27/2006,1,0.85320569
9/28/2006,8,7.154306439
9/29/2006,0,0
9/30/2006,10,0.502522662
10/1/2006,0,0
10/2/2006,0,0
10/3/2006,0,0
10/4/2006,3,0.684554564
10/5/2006,0,0
10/6/2006,0,0
10/7/2006,2,1.353364711
10/8/2006,7,6.261871319
10/9/2006,0,0
10/10/2006,0,0
10/11/2006,0,0
10/12/2006,0,0
10/13/2006,0,0
10/14/2006,0,0
10/15/2006,7,2.401067095
10/16/2006,0,0
10/17/2006,0,0
10/18/2006,0,0
10/19/2006,0,0
10/20/2006,4,2.0390524
10/21/2006,0,0
10/22/2006,0,0
10/23/2006,0,0
10/24/2006,0,0
10/25/2006,7,1.975613332
10/26/2006,0,0
10/27/2006,0,0
10/28/2006,6,1.572951883
10/29/2006,0,0
10/30/2006,11,3.589140565
10/31/2006,0,0
11/1/2006,2,1.468159328
11/2/2006,0,0
11/3/2006,9,3.256884816
11/4/2006,9,8.255606437
11/5/2006,0,0
11/6/2006,8,3.833240408
11/7/2006,0,0
11/8/2006,9,0.127899201
11/9/2006,9,7.121510643
11/10/2006,5,0.594523324
11/11/2006,0,0
11/12/2006,0,0
11/13/2006,8,2.175622369
11/14/2006,0,0
11/15/2006,0,0
11/16/2006,0,0
11/17/2006,9,2.398144192
11/18/2006,0,0
11/19/2006,0,0
11/20/2006,0,0
11/21/2006,4,1.451559265
11/22/2006,6,3.754902179
11/23/2006,0,0
11/24/2006,1,0.258066692
11/25/2006,12,4.246590049
11/26/2006,6,5.637231101
11/27/2006,0,0
11/28/2006,0,0
11/29/2006,0,0
11/30/2006,0,0
12/1/2006,0,0
12/2/2006,0,0
12/3/2006,0,0
12/4/2006,0,0
12/5/2006,6,2.466493823
12/6/2006,0,0
12/7/2006,0,0
12/8/2006,11,8.733991044
12/9/2006,0,0
12/10/2006,7,5.292745176
12/11/2006,0,0
12/12/2006,0,0
12/13/2006,0,0
12/14/2006,0,0
12/15/2006,0,0
12/16/2006,0,0
12/17/2006,0,0
12/18/2006,0,0
12/19/2006,0,0
12/20/2006,0,0
12/21/2006,3,1.85926301
12/22/2006,0,0
12/23/2006,0,0
12/24/2006,0,0
12/25/2006,7,3.279081561
12/26/2006,0,0
12/27/2006,0,0
12/28/2006,11,7.839308052
12/29/2006,0,0
12/30/2006,0,0
12/31/2006,0,0
1/1/2007,0,0
1/2/2007,11,8.978463834
1/3/2007,12,9.621231877
1/4/2007,0,0
1/5/2007,0,0
1/6/2007,0,0
1/7/2007,0,0
1/8/2007,4,3.635548643
1/9/2007,0,0
1/10/2007,0,0
1/11/2007,0,0
1/12/2007,0,0
1/13/2007,1,0.012692272
1/14/2007,0,0
1/15/2007,0,0
1/16/2007,6,4.633457633
1/17/2007,0,0
1/18/2007,10,2.478581018
1/19/2007,0,0
1/20/2007,0,0
1/21/2007,0,0
1/22/2007,0,0
1/23/2007,0,0
1/24/2007,0,0
1/25/2007,0,0
1/26/2007,0,0
1/27/2007,10,1.488447795
1/28/2007,0,0
1/29/2007,0,0
1/30/2007,0,0
1/31/2007,1,0.610737245
2/1/2007,0,0
2/2/2007,12,10.73318922
2/3/2007,0,0
2/4/2007,0,0
2/5/2007,0,0
2/6/2007,6,0.743703074
2/7/2007,3,0.401230287
2/8/2007,0,0
2/9/2007,0,0
2/10/2007,0,0
2/11/2007,0,0
2/12/2007,0,0
2/13/2007,10,8.483034893
2/14/2007,5,2.406727727
2/15/2007,0,0
2/16/2007,0,0
2/17/2007,4,1.559134001
2/18/2007,3,1.280293194
2/19/2007,0,0
2/20/2007,3,0.260599202
2/21/2007,0,0
2/22/2007,0,0
2/23/2007,0,0
2/24/2007,2,1.147493128
2/25/2007,0,0
2/26/2007,0,0
2/27/2007,0,0
2/28/2007,0,0
3/1/2007,0,0
3/2/2007,0,0
3/3/2007,12,0.607363731
3/4/2007,1,0.695083378
3/5/2007,0,0
3/6/2007,0,0
3/7/2007,0,0
3/8/2007,10,3.269396543
3/9/2007,0,0
3/10/2007,9,6.254724603
3/11/2007,5,2.924565404
3/12/2007,1,0.300679111
3/13/2007,3,1.793746932
3/14/2007,0,0
3/15/2007,0,0
3/16/2007,0,0
3/17/2007,0,0
3/18/2007,1,0.064023296
3/19/2007,0,0
3/20/2007,11,5.007617083
3/21/2007,0,0
3/22/2007,2,1.098641191
3/23/2007,0,0
3/24/2007,5,0.233527334
3/25/2007,11,2.00499274
3/26/2007,2,1.234031328
3/27/2007,0,0
3/28/2007,0,0
3/29/2007,7,1.464308054
3/30/2007,0,0
3/31/2007,5,3.852765219
4/1/2007,0,0
4/2/2007,9,4.792894668
4/3/2007,0,0
4/4/2007,0,0
4/5/2007,0,0
4/6/2007,0,0
4/7/2007,5,1.785429749
4/8/2007,6,1.187174649
4/9/2007,10,1.244857818
4/10/2007,0,0
4/11/2007,0,0
4/12/2007,0,0
4/13/2007,0,0
4/14/2007,3,1.792414776
4/15/2007,6,3.975058912
4/16/2007,0,0
4/17/2007,6,4.30793889
4/18/2007,0,0
4/19/2007,0,0
4/20/2007,0,0
4/21/2007,7,6.719830767
4/22/2007,0,0
4/23/2007,11,2.867356157
4/24/2007,0,0
4/25/2007,8,2.701020582
4/26/2007,5,0.40169819
4/27/2007,0,0
4/28/2007,0,0
4/29/2007,0,0
4/30/2007,0,0
5/1/2007,3,1.161887331
5/2/2007,10,4.758200296
5/3/2007,0,0
5/4/2007,2,1.499720305
5/5/2007,0,0
5/6/2007,0,0
5/7/2007,10,1.376199774
5/8/2007,0,0
5/9/2007,2,1.666990493
5/10/2007,0,0
5/11/2007,6,4.134935697
5/12/2007,4,0.648713095
5/13/2007,0,0
5/14/2007,0,0
5/15/2007,0,0
5/16/2007,0,0
5/17/2007,0,0
5/18/2007,4,2.858740887
5/19/2007,4,0.688060356
5/20/2007,0,0
5/21/2007,10,1.98895177
5/22/2007,11,4.578767561
5/23/2007,0,0
5/24/2007,0,0
5/25/2007,0,0
5/26/2007,0,0
5/27/2007,0,0
5/28/2007,0,0
5/29/2007,0,0
5/30/2007,0,0
5/31/2007,9,7.735039154
6/1/2007,0,0
6/2/2007,0,0
6/3/2007,0,0
6/4/2007,0,0
6/5/2007,0,0
6/6/2007,0,0
6/7/2007,7,1.929350594
6/8/2007,0,0
6/9/2007,0,0
6/10/2007,0,0
6/11/2007,0,0
6/12/2007,0,0
6/13/2007,7,2.595315523
6/14/2007,0,0
6/15/2007,0,0
6/16/2007,0,0
6/17/2007,0,0
6/18/2007,4,1.417615764
6/19/2007,0,0
6/20/2007,0,0
6/21/2007,0,0
6/22/2007,0,0
6/23/2007,0,0
6/24/2007,10,7.564084388
6/25/2007,8,3.15592638
6/26/2007,0,0
6/27/2007,5,3.727130215
6/28/2007,0,0
6/29/2007,0,0
6/30/2007,0,0
7/1/2007,0,0
7/2/2007,8,5.522829013
7/3/2007,0,0
7/4/2007,9,1.145458405
7/5/2007,0,0
7/6/2007,0,0
7/7/2007,9,5.298001363
7/8/2007,0,0
7/9/2007,0,0
7/10/2007,0,0
7/11/2007,6,1.577060512
7/12/2007,0,0
7/13/2007,0,0
7/14/2007,0,0
7/15/2007,10,7.214196028
7/16/2007,6,5.972484995
7/17/2007,0,0
7/18/2007,0,0
7/19/2007,8,0.300370789
7/20/2007,4,2.852842317
7/21/2007,0,0
7/22/2007,0,0
7/23/2007,0,0
7/24/2007,9,5.470060856
7/25/2007,0,0
7/26/2007,4,1.134093966
7/27/2007,0,0
7/28/2007,0,0
7/29/2007,2,1.746761069
7/30/2007,0,0
7/31/2007,0,0
8/1/2007,12,11.35097677
8/2/2007,0,0
8/3/2007,0,0
8/4/2007,0,0
8/5/2007,0,0
8/6/2007,0,0
8/7/2007,0,0
8/8/2007,0,0
8/9/2007,5,4.858437559
8/10/2007,10,2.991150324
8/11/2007,0,0
8/12/2007,0,0
8/13/2007,1,0.10484924
8/14/2007,11,10.2091847
8/15/2007,0,0
8/16/2007,6,5.157907041
8/17/2007,2,0.592644367
8/18/2007,0,0
8/19/2007,0,0
8/20/2007,4,0.384430956
8/21/2007,4,3.339905234
8/22/2007,12,7.085351672
8/23/2007,0,0
8/24/2007,0,0
8/25/2007,2,0.111445653
8/26/2007,0,0
8/27/2007,2,1.573769508
8/28/2007,0,0
8/29/2007,0,0
8/30/2007,0,0
8/31/2007,0,0
9/1/2007,0,0
9/2/2007,0,0
9/3/2007,8,6.467643411
9/4/2007,12,9.388973001
9/5/2007,0,0
9/6/2007,0,0
9/7/2007,8,7.001098236
9/8/2007,0,0
9/9/2007,1,0.317449566
9/10/2007,5,0.200392433
9/11/2007,11,1.711997883
9/12/2007,0,0
9/13/2007,0,0
9/14/2007,0,0
9/15/2007,0,0
9/16/2007,0,0
9/17/2007,0,0
9/18/2007,0,0
9/19/2007,0,0
9/20/2007,5,2.166365782
9/21/2007,0,0
9/22/2007,3,2.561192224
9/23/2007,0,0
9/24/2007,0,0
9/25/2007,10,6.698756661
9/26/2007,6,3.260385721
9/27/2007,0,0
9/28/2007,0,0
9/29/2007,9,7.180698042
9/30/2007,0,0
10/1/2007,0,0
10/2/2007,4,3.451676608
10/3/2007,0,0
10/4/2007,0,0
10/5/2007,2,0.641859514
10/6/2007,0,0
10/7/2007,0,0
10/8/2007,10,7.983434622
10/9/2007,0,0
10/10/2007,6,0.859832683
10/11/2007,10,0.363044619
10/12/2007,0,0
10/13/2007,0,0
10/14/2007,0,0
10/15/2007,0,0
10/16/2007,0,0
10/17/2007,11,1.7572888
10/18/2007,6,5.8860289
10/19/2007,0,0
10/20/2007,0,0
10/21/2007,3,0.250493742
10/22/2007,0,0
10/23/2007,0,0
10/24/2007,3,0.44127603
10/25/2007,10,8.835223914
10/26/2007,6,3.798724069
10/27/2007,0,0
10/28/2007,0,0
10/29/2007,0,0
10/30/2007,0,0
10/31/2007,4,0.669257026
11/1/2007,10,5.215066048
11/2/2007,0,0
11/3/2007,0,0
11/4/2007,0,0
11/5/2007,10,4.567724472
11/6/2007,0,0
11/7/2007,0,0
11/8/2007,0,0
11/9/2007,10,4.978732725
11/10/2007,2,0.891144157
11/11/2007,0,0
11/12/2007,0,0
11/13/2007,0,0
11/14/2007,4,1.413560755
11/15/2007,0,0
11/16/2007,0,0
11/17/2007,9,7.152264012
11/18/2007,10,2.832589707
11/19/2007,12,7.949074667
11/20/2007,9,4.106346217
11/21/2007,1,0.849433272
11/22/2007,0,0
11/23/2007,0,0
11/24/2007,0,0
11/25/2007,0,0
11/26/2007,6,1.287426931
11/27/2007,8,5.091611509
11/28/2007,0,0
11/29/2007,0,0
11/30/2007,0,0
12/1/2007,3,0.95967571
12/2/2007,0,0
12/3/2007,0,0
12/4/2007,0,0
12/5/2007,0,0
12/6/2007,0,0
12/7/2007,12,1.511562407
12/8/2007,0,0
12/9/2007,0,0
12/10/2007,0,0
12/11/2007,3,2.186492847
12/12/2007,0,0
12/13/2007,0,0
12/14/2007,0,0
12/15/2007,11,4.638859085
12/16/2007,0,0
12/17/2007,0,0
12/18/2007,0,0
12/19/2007,0,0
12/20/2007,9,0.947884983
12/21/2007,0,0
12/22/2007,0,0
12/23/2007,0,0
12/24/2007,0,0
12/25/2007,9,2.506477947
12/26/2007,0,0
12/27/2007,1,0.407358245
12/28/2007,0,0
12/29/2007,8,3.70768775
12/30/2007,4,0.356593271
12/31/2007,6,4.600260232
1/1/2008,0,0
1/2/2008,0,0
1/3/2008,10,8.725592022
1/4/2008,7,6.702455548
1/5/2008,4,3.607233918
1/6/2008,0,0
1/7/2008,0,0
1/8/2008,0,0
1/9/2008,0,0
1/10/2008,2,1.184997508
1/11/2008,3,2.767075707
1/12/2008,0,0
1/13/2008,0,0
1/14/2008,0,0
1/15/2008,0,0
1/16/2008,11,10.55893069
1/17/2008,0,0
1/18/2008,0,0
1/19/2008,0,0
1/20/2008,10,1.209389058
1/21/2008,0,0
1/22/2008,0,0
1/23/2008,4,1.950168048
1/24/2008,0,0
1/25/2008,8,0.884900009
1/26/2008,0,0
1/27/2008,0,0
1/28/2008,0,0
1/29/2008,0,0
1/30/2008,3,1.555901833
1/31/2008,7,0.318954917
2/1/2008,0,0
2/2/2008,0,0
2/3/2008,0,0
2/4/2008,0,0
2/5/2008,5,2.346674584
2/6/2008,0,0
2/7/2008,6,2.873118305
2/8/2008,0,0
2/9/2008,0,0
2/10/2008,0,0
2/11/2008,3,2.103973956
2/12/2008,9,1.534498468
2/13/2008,12,3.773235012
2/14/2008,0,0
2/15/2008,9,4.232818743
2/16/2008,4,3.42170494
2/17/2008,8,1.289098035
2/18/2008,0,0
2/19/2008,0,0
2/20/2008,7,2.96874596
2/21/2008,0,0
2/22/2008,0,0
2/23/2008,10,4.430114885
2/24/2008,10,2.570594577
2/25/2008,0,0
2/26/2008,3,2.925078696
2/27/2008,0,0
2/28/2008,12,8.954707282
2/29/2008,4,2.557805112
3/1/2008,10,7.135258437
3/2/2008,0,0
3/3/2008,0,0
3/4/2008,0,0
3/5/2008,5,4.107510922
3/6/2008,0,0
3/7/2008,0,0
3/8/2008,0,0
3/9/2008,0,0
3/10/2008,1,0.379748357
3/11/2008,0,0
3/12/2008,0,0
3/13/2008,0,0
3/14/2008,0,0
3/15/2008,1,0.528154802
3/16/2008,0,0
3/17/2008,9,3.557139573
3/18/2008,0,0
3/19/2008,8,0.389155622
3/20/2008,0,0
3/21/2008,0,0
3/22/2008,0,0
3/23/2008,0,0
3/24/2008,1,0.753922826
3/25/2008,0,0
3/26/2008,0,0
3/27/2008,8,3.961428254
3/28/2008,9,3.918424997
3/29/2008,0,0
3/30/2008,11,7.222909405
3/31/2008,5,4.167471711
4/1/2008,0,0
4/2/2008,0,0
4/3/2008,0,0
4/4/2008,0,0
4/5/2008,5,0.663467622
4/6/2008,0,0
4/7/2008,0,0
4/8/2008,0,0
4/9/2008,2,1.668174296
4/10/2008,0,0
4/11/2008,0,0
4/12/2008,5,3.964745822
4/13/2008,0,0
4/14/2008,0,0
4/15/2008,0,0
4/16/2008,0,0
4/17/2008,2,0.398002248
4/18/2008,1,0.383187049
4/19/2008,12,8.299115798
4/20/2008,7,5.718083443
4/21/2008,12,11.42331238
4/22/2008,0,0
4/23/2008,4,0.295350576
4/24/2008,9,7.461282652
4/25/2008,0,0
4/26/2008,0,0
4/27/2008,0,0
4/28/2008,0,0
4/29/2008,9,0.867179972
4/30/2008,0,0
5/1/2008,0,0
5/2/2008,0,0
5/3/2008,2,0.664497432
5/4/2008,0,0
5/5/2008,0,0
5/6/2008,0,0
5/7/2008,0,0
5/8/2008,0,0
5/9/2008,6,0.688899401
5/10/2008,0,0
5/11/2008,1,0.816478026
5/12/2008,0,0
5/13/2008,5,2.454461455
5/14/2008,0,0
5/15/2008,0,0
5/16/2008,7,6.790888377
5/17/2008,0,0
5/18/2008,0,0
5/19/2008,0,0
5/20/2008,7,0.338481476
5/21/2008,0,0
5/22/2008,0,0
5/23/2008,0,0
5/24/2008,0,0
5/25/2008,12,0.582414648
5/26/2008,0,0
5/27/2008,0,0
5/28/2008,0,0
5/29/2008,0,0
5/30/2008,0,0
5/31/2008,2,1.284600607
6/1/2008,3,1.400625093
6/2/2008,12,9.873206892
6/3/2008,5,2.476018017
6/4/2008,0,0
6/5/2008,0,0
6/6/2008,0,0
6/7/2008,0,0
6/8/2008,6,0.365965603
6/9/2008,0,0
6/10/2008,0,0
6/11/2008,0,0
6/12/2008,0,0
6/13/2008,2,1.315926799
6/14/2008,0,0
6/15/2008,5,2.733899119
6/16/2008,6,3.674586342
6/17/2008,0,0
6/18/2008,1,0.003598936
6/19/2008,12,10.04473698
6/20/2008,7,2.36191715
6/21/2008,0,0
6/22/2008,12,3.886746333
6/23/2008,0,0
6/24/2008,0,0
6/25/2008,10,8.878401488
6/26/2008,6,3.288208192
6/27/2008,0,0
6/28/2008,1,0.338241505
6/29/2008,0,0
6/30/2008,6,3.278826558
7/1/2008,12,4.41528296
7/2/2008,8,1.728885748
7/3/2008,0,0
7/4/2008,0,0
7/5/2008,11,6.528208766
7/6/2008,8,3.470650047
7/7/2008,0,0
7/8/2008,0,0
7/9/2008,0,0
7/10/2008,0,0
7/11/2008,0,0
7/12/2008,0,0
7/13/2008,9,2.69658787
7/14/2008,0,0
7/15/2008,0,0
7/16/2008,10,4.205483461
7/17/2008,12,10.91584472
7/18/2008,0,0
7/19/2008,0,0
7/20/2008,0,0
7/21/2008,2,1.550860424
7/22/2008,0,0
7/23/2008,0,0
7/24/2008,4,3.885825865
7/25/2008,1,0.00412327
7/26/2008,0,0
7/27/2008,0,0
7/28/2008,0,0
7/29/2008,0,0
7/30/2008,0,0
7/31/2008,12,7.36477277
8/1/2008,0,0
8/2/2008,0,0
8/3/2008,0,0
8/4/2008,0,0
8/5/2008,0,0
8/6/2008,0,0
8/7/2008,10,8.524199574
8/8/2008,7,0.776764316
8/9/2008,11,10.26817954
8/10/2008,0,0
8/11/2008,4,3.917156665
8/12/2008,0,0
8/13/2008,0,0
8/14/2008,9,3.155587844
8/15/2008,0,0
8/16/2008,0,0
8/17/2008,1,0.812467148
8/18/2008,0,0
8/19/2008,0,0
8/20/2008,1,0.180973481
8/21/2008,2,0.908494466
8/22/2008,0,0
8/23/2008,0,0
8/24/2008,0,0
8/25/2008,8,6.917685046
8/26/2008,0,0
8/27/2008,0,0
8/28/2008,0,0
8/29/2008,0,0
8/30/2008,0,0
8/31/2008,5,0.809261421
9/1/2008,7,6.475504668
9/2/2008,0,0
9/3/2008,6,0.111024432
9/4/2008,0,0
9/5/2008,0,0
9/6/2008,0,0
9/7/2008,1,0.324024236
9/8/2008,1,0.828878427
9/9/2008,10,0.777020955
9/10/2008,0,0
9/11/2008,0,0
9/12/2008,4,0.838677058
9/13/2008,0,0
9/14/2008,0,0
9/15/2008,5,2.466295205
9/16/2008,5,3.542660726
9/17/2008,4,2.816884852
9/18/2008,7,4.796085166
9/19/2008,8,7.705717211
9/20/2008,0,0
9/21/2008,10,7.774844919
9/22/2008,0,0
9/23/2008,0,0
9/24/2008,0,0
9/25/2008,12,5.228360499
9/26/2008,0,0
9/27/2008,8,1.87597595
9/28/2008,0,0
9/29/2008,0,0
9/30/2008,0,0
10/1/2008,6,1.544347133
10/2/2008,0,0
10/3/2008,0,0
10/4/2008,0,0
10/5/2008,0,0
10/6/2008,0,0
10/7/2008,5,4.83079704
10/8/2008,0,0
10/9/2008,0,0
10/10/2008,0,0
10/11/2008,0,0
10/12/2008,0,0
10/13/2008,0,0
10/14/2008,0,0
10/15/2008,2,1.816353653
10/16/2008,0,0
10/17/2008,11,7.799799612
10/18/2008,6,0.678416544
10/19/2008,0,0
10/20/2008,0,0
10/21/2008,11,4.439971498
10/22/2008,11,1.737351488
10/23/2008,0,0
10/24/2008,0,0
10/25/2008,5,3.087913097
10/26/2008,6,2.278693973
10/27/2008,0,0
10/28/2008,0,0
10/29/2008,0,0
10/30/2008,10,5.460340981
10/31/2008,5,4.703708368
11/1/2008,0,0
11/2/2008,0,0
11/3/2008,10,5.940936059
11/4/2008,0,0
11/5/2008,0,0
11/6/2008,0,0
11/7/2008,0,0
11/8/2008,0,0
11/9/2008,0,0
11/10/2008,0,0
11/11/2008,0,0
11/12/2008,12,1.203657215
11/13/2008,0,0
11/14/2008,8,1.575952625
11/15/2008,0,0
11/16/2008,6,2.34960764
11/17/2008,4,0.343332855
11/18/2008,0,0
11/19/2008,12,10.34484537
11/20/2008,7,3.762498873
11/21/2008,6,0.676288186
11/22/2008,0,0
11/23/2008,0,0
11/24/2008,0,0
11/25/2008,0,0
11/26/2008,10,0.393465361
11/27/2008,0,0
11/28/2008,0,0
11/29/2008,0,0
11/30/2008,0,0
12/1/2008,0,0
12/2/2008,0,0
12/3/2008,0,0
12/4/2008,0,0
12/5/2008,0,0
12/6/2008,7,6.013213839
12/7/2008,0,0
12/8/2008,11,2.289917971
12/9/2008,0,0
12/10/2008,11,1.66020914
12/11/2008,0,0
12/12/2008,0,0
12/13/2008,0,0
12/14/2008,8,0.014780017
12/15/2008,0,0
12/16/2008,8,2.975421065
12/17/2008,0,0
12/18/2008,0,0
12/19/2008,10,4.954830505
12/20/2008,0,0
12/21/2008,0,0
12/22/2008,12,10.40056988
12/23/2008,0,0
12/24/2008,0,0
12/25/2008,0,0
12/26/2008,0,0
12/27/2008,0,0
12/28/2008,0,0
12/29/2008,10,1.094746421
12/30/2008,0,0
12/31/2008,2,0.809537012
1/1/2009,0,0
1/2/2009,0,0
1/3/2009,0,0
1/4/2009,0,0
1/5/2009,10,1.107033684
1/6/2009,1,0.326248029
1/7/2009,0,0
1/8/2009,4,0.251765486
1/9/2009,0,0
1/10/2009,0,0
1/11/2009,4,2.850227698
1/12/2009,0,0
1/13/2009,0,0
1/14/2009,8,1.725927424
1/15/2009,1,0.022571661
1/16/2009,0,0
1/17/2009,8,7.809575897
1/18/2009,10,6.928607256
1/19/2009,0,0
1/20/2009,0,0
1/21/2009,0,0
1/22/2009,5,0.53688869
1/23/2009,0,0
1/24/2009,2,1.433307859
1/25/2009,0,0
1/26/2009,0,0
1/27/2009,0,0
1/28/2009,0,0
1/29/2009,1,0.523385903
1/30/2009,0,0
1/31/2009,3,0.717443521
2/1/2009,4,2.007684057
2/2/2009,2,1.183668992
2/3/2009,0,0
2/4/2009,8,1.69463009
2/5/2009,0,0
2/6/2009,9,3.368058404
2/7/2009,0,0
2/8/2009,0,0
2/9/2009,0,0
2/10/2009,7,1.082179464
2/11/2009,3,0.203631458
2/12/2009,0,0
2/13/2009,5,0.803871985
2/14/2009,0,0
2/15/2009,0,0
2/16/2009,0,0
2/17/2009,5,0.666525449
2/18/2009,0,0
2/19/2009,1,0.523115067
2/20/2009,0,0
2/21/2009,0,0
2/22/2009,0,0
2/23/2009,10,4.118129764
2/24/2009,0,0
2/25/2009,9,7.35126942
2/26/2009,3,2.352766741
2/27/2009,12,6.759883584
2/28/2009,0,0
3/1/2009,0,0
3/2/2009,0,0
3/3/2009,0,0
3/4/2009,0,0
3/5/2009,0,0
3/6/2009,11,2.603899213
3/7/2009,0,0
3/8/2009,0,0
3/9/2009,0,0
3/10/2009,0,0
3/11/2009,0,0
3/12/2009,5,2.312389419
3/13/2009,0,0
3/14/2009,0,0
3/15/2009,3,1.679358368
3/16/2009,0,0
3/17/2009,0,0
3/18/2009,2,0.764137244
3/19/2009,10,6.698958222
3/20/2009,0,0
3/21/2009,0,0
3/22/2009,0,0
3/23/2009,0,0
3/24/2009,2,1.878955622
3/25/2009,9,5.624671008
3/26/2009,0,0
3/27/2009,11,9.481147203
3/28/2009,12,7.760909016
3/29/2009,0,0
3/30/2009,5,2.216855634
3/31/2009,0,0
4/1/2009,9,5.866622896
4/2/2009,0,0
4/3/2009,4,3.053433727
4/4/2009,4,1.309723555
4/5/2009,0,0
4/6/2009,0,0
4/7/2009,0,0
4/8/2009,0,0
4/9/2009,0,0
4/10/2009,7,2.458773899
4/11/2009,0,0
4/12/2009,1,0.835787792
4/13/2009,0,0
4/14/2009,6,2.768324718
4/15/2009,2,1.93486547
4/16/2009,0,0
4/17/2009,0,0
4/18/2009,8,1.561990557
4/19/2009,0,0
4/20/2009,0,0
4/21/2009,7,3.578407753
4/22/2009,0,0
4/23/2009,0,0
4/24/2009,0,0
4/25/2009,1,0.019213605
4/26/2009,0,0
4/27/2009,8,7.386631546
4/28/2009,12,7.401130195
4/29/2009,0,0
4/30/2009,8,6.542595696
5/1/2009,0,0
5/2/2009,0,0
5/3/2009,9,2.089781983
5/4/2009,2,0.886414566
5/5/2009,0,0
5/6/2009,10,1.551465897
5/7/2009,11,10.40687883
5/8/2009,1,0.564872217
5/9/2009,0,0
5/10/2009,0,0
5/11/2009,0,0
5/12/2009,10,3.329435644
5/13/2009,0,0
5/14/2009,4,2.993054453
5/15/2009,0,0
5/16/2009,7,3.839690053
5/17/2009,0,0
5/18/2009,0,0
5/19/2009,0,0
5/20/2009,0,0
5/21/2009,2,1.849124056
5/22/2009,0,0
5/23/2009,4,3.156634421
5/24/2009,0,0
5/25/2009,8,0.147948557
5/26/2009,0,0
5/27/2009,0,0
5/28/2009,0,0
5/29/2009,0,0
5/30/2009,0,0
5/31/2009,2,1.885931774
6/1/2009,0,0
6/2/2009,9,4.629367671
6/3/2009,0,0
6/4/2009,3,0.537159915
6/5/2009,0,0
6/6/2009,0,0
6/7/2009,0,0
6/8/2009,0,0
6/9/2009,0,0
6/10/2009,0,0
6/11/2009,0,0
6/12/2009,0,0
6/13/2009,9,6.981597639
6/14/2009,3,0.333516981
6/15/2009,0,0
6/16/2009,0,0
6/17/2009,0,0
6/18/2009,5,0.517598617
6/19/2009,0,0
6/20/2009,0,0
6/21/2009,0,0
6/22/2009,3,1.079895536
6/23/2009,3,2.010053237
6/24/2009,7,0.724786742
6/25/2009,3,0.808829872
6/26/2009,0,0
6/27/2009,0,0
6/28/2009,10,0.477830805
6/29/2009,1,0.719206376
6/30/2009,10,0.246287086
7/1/2009,8,6.012205581
7/2/2009,4,3.009946019
7/3/2009,0,0
7/4/2009,0,0
7/5/2009,0,0
7/6/2009,0,0
7/7/2009,11,10.40106208
7/8/2009,0,0
7/9/2009,0,0
7/10/2009,8,1.186578558
7/11/2009,8,7.932900661
7/12/2009,0,0
7/13/2009,0,0
7/14/2009,12,6.751702217
7/15/2009,12,3.24007807
7/16/2009,8,6.17570346
7/17/2009,0,0
7/18/2009,1,0.343976861
7/19/2009,0,0
7/20/2009,6,5.821654349
7/21/2009,5,0.384075195
7/22/2009,0,0
7/23/2009,1,0.397667628
7/24/2009,0,0
7/25/2009,5,0.470594801
7/26/2009,3,0.964672469
7/27/2009,8,7.203083712
7/28/2009,2,0.122555564
7/29/2009,0,0
7/30/2009,0,0
7/31/2009,0,0
8/1/2009,0,0
8/2/2009,0,0
8/3/2009,0,0
8/4/2009,0,0
8/5/2009,10,2.256000242
8/6/2009,0,0
8/7/2009,8,1.030113517
8/8/2009,0,0
8/9/2009,0,0
8/10/2009,0,0
8/11/2009,11,9.803153053
8/12/2009,0,0
8/13/2009,0,0
8/14/2009,0,0
8/15/2009,0,0
8/16/2009,0,0
8/17/2009,0,0
8/18/2009,1,0.091634865
8/19/2009,0,0
8/20/2009,7,1.788974219
8/21/2009,0,0
8/22/2009,0,0
8/23/2009,0,0
8/24/2009,9,1.525637777
8/25/2009,0,0
8/26/2009,6,1.607245507
8/27/2009,0,0
8/28/2009,0,0
8/29/2009,0,0
8/30/2009,8,4.495470203
8/31/2009,0,0
9/1/2009,0,0
9/2/2009,0,0
9/3/2009,0,0
9/4/2009,0,0
9/5/2009,0,0
9/6/2009,0,0
9/7/2009,0,0
9/8/2009,4,3.324923116
9/9/2009,0,0
9/10/2009,7,1.738781016
9/11/2009,6,3.750152759
9/12/2009,11,6.125915211
9/13/2009,0,0
9/14/2009,0,0
9/15/2009,0,0
9/16/2009,7,0.115361051
9/17/2009,0,0
9/18/2009,0,0
9/19/2009,0,0
9/20/2009,0,0
9/21/2009,7,1.511906829
9/22/2009,0,0
9/23/2009,0,0
9/24/2009,0,0
9/25/2009,5,2.088797625
9/26/2009,11,7.954346226
9/27/2009,9,7.459424456
9/28/2009,0,0
9/29/2009,0,0
9/30/2009,8,2.989067827
10/1/2009,10,8.027052072
10/2/2009,1,0.03447018
10/3/2009,10,4.661141637
10/4/2009,0,0
10/5/2009,0,0
10/6/2009,0,0
10/7/2009,10,2.000584808
10/8/2009,0,0
10/9/2009,3,1.768444609
10/10/2009,6,2.80901467
10/11/2009,0,0
10/12/2009,2,1.052436461
10/13/2009,0,0
10/14/2009,0,0
10/15/2009,0,0
10/16/2009,0,0
10/17/2009,0,0
10/18/2009,6,1.088578566
10/19/2009,0,0
10/20/2009,10,0.491365836
10/21/2009,0,0
10/22/2009,8,6.723784664
10/23/2009,0,0
10/24/2009,0,0
10/25/2009,0,0
10/26/2009,0,0
10/27/2009,0,0
10/28/2009,5,3.083900904
10/29/2009,0,0
10/30/2009,6,5.986561689
10/31/2009,0,0
11/1/2009,0,0
11/2/2009,0,0
11/3/2009,0,0
11/4/2009,0,0
11/5/2009,0,0
11/6/2009,12,8.02214493
11/7/2009,0,0
11/8/2009,0,0
11/9/2009,7,0.060383952
11/10/2009,0,0
11/11/2009,1,0.651712383
11/12/2009,0,0
11/13/2009,5,4.768797502
11/14/2009,0,0
11/15/2009,0,0
11/16/2009,3,0.372175527
11/17/2009,8,0.088144565
11/18/2009,0,0
11/19/2009,12,4.182979322
11/20/2009,0,0
11/21/2009,4,0.589010786
11/22/2009,0,0
11/23/2009,9,0.100626258
11/24/2009,0,0
11/25/2009,0,0
11/26/2009,0,0
11/27/2009,6,5.265081692
11/28/2009,7,1.63797656
11/29/2009,0,0
11/30/2009,0,0
12/1/2009,0,0
12/2/2009,0,0
12/3/2009,0,0
12/4/2009,0,0
12/5/2009,12,9.774764161
12/6/2009,7,6.608989656
12/7/2009,0,0
12/8/2009,0,0
12/9/2009,0,0
12/10/2009,0,0
12/11/2009,0,0
12/12/2009,9,5.313320616
12/13/2009,0,0
12/14/2009,9,7.077027671
12/15/2009,0,0
12/16/2009,0,0
12/17/2009,0,0
12/18/2009,12,7.477659369
12/19/2009,0,0
12/20/2009,12,8.313531897
12/21/2009,8,6.578170193
12/22/2009,0,0
12/23/2009,2,1.723009771
12/24/2009,0,0
12/25/2009,0,0
12/26/2009,0,0
12/27/2009,9,6.657601731
12/28/2009,0,0
12/29/2009,0,0
12/30/2009,0,0
12/31/2009,10,6.375784821
1/1/2010,0,0
1/2/2010,0,0
1/3/2010,0,0
1/4/2010,6,4.978820832
1/5/2010,0,0
1/6/2010,0,0
1/7/2010,3,2.706375815
1/8/2010,0,0
1/9/2010,0,0
1/10/2010,0,0
1/11/2010,5,4.675050643
1/12/2010,3,0.011918082
1/13/2010,0,0
1/14/2010,0,0
1/15/2010,0,0
1/16/2010,0,0
1/17/2010,8,3.009675108
1/18/2010,11,0.066275875
1/19/2010,5,3.002232673
1/20/2010,0,0
1/21/2010,4,1.35220696
1/22/2010,6,3.958080425
1/23/2010,0,0
1/24/2010,10,4.16509799
1/25/2010,6,2.13699378
1/26/2010,0,0
1/27/2010,0,0
1/28/2010,0,0
1/29/2010,6,0.511465763
1/30/2010,0,0
1/31/2010,4,1.754424647
2/1/2010,0,0
2/2/2010,11,6.138867019
2/3/2010,0,0
2/4/2010,0,0
2/5/2010,7,3.294645982
2/6/2010,0,0
2/7/2010,0,0
2/8/2010,6,2.44349244
2/9/2010,9,7.48176716
2/10/2010,0,0
2/11/2010,9,5.033256501
2/12/2010,7,1.9591669
2/13/2010,0,0
2/14/2010,0,0
2/15/2010,6,5.721605693
2/16/2010,0,0
2/17/2010,0,0
2/18/2010,10,8.870766417
2/19/2010,9,1.658521054
2/20/2010,0,0
2/21/2010,2,0.548145663
2/22/2010,0,0
2/23/2010,0,0
2/24/2010,0,0
2/25/2010,1,0.435486399
2/26/2010,0,0
2/27/2010,0,0
2/28/2010,0,0
3/1/2010,0,0
3/2/2010,2,0.65335631
3/3/2010,3,2.761559211
3/4/2010,0,0
3/5/2010,3,1.825384534
3/6/2010,0,0
3/7/2010,0,0
3/8/2010,0,0
3/9/2010,0,0
3/10/2010,1,0.208178742
3/11/2010,0,0
3/12/2010,0,0
3/13/2010,0,0
3/14/2010,0,0
3/15/2010,6,4.823891892
3/16/2010,8,6.192491318
3/17/2010,3,0.918915202
3/18/2010,12,8.54575581
3/19/2010,0,0
3/20/2010,2,0.21915231
3/21/2010,0,0
3/22/2010,0,0
3/23/2010,0,0
3/24/2010,3,0.308193039
3/25/2010,4,2.277709879
3/26/2010,0,0
3/27/2010,0,0
3/28/2010,0,0
3/29/2010,4,2.905407971
3/30/2010,0,0
3/31/2010,0,0
4/1/2010,0,0
4/2/2010,0,0
4/3/2010,0,0
4/4/2010,0,0
4/5/2010,0,0
4/6/2010,0,0
4/7/2010,0,0
4/8/2010,0,0
4/9/2010,0,0
4/10/2010,9,6.635303456
4/11/2010,0,0
4/12/2010,12,9.257154778
4/13/2010,5,3.91380751
4/14/2010,0,0
4/15/2010,0,0
4/16/2010,3,2.514076728
4/17/2010,0,0
4/18/2010,6,4.271413385
4/19/2010,0,0
4/20/2010,12,7.50510203
4/21/2010,1,0.869762789
4/22/2010,9,6.261942096
4/23/2010,0,0
4/24/2010,12,11.87991039
4/25/2010,0,0
4/26/2010,0,0
4/27/2010,0,0
4/28/2010,3,0.790243904
4/29/2010,0,0
4/30/2010,11,6.128928557
5/1/2010,0,0
5/2/2010,7,2.544619864
5/3/2010,0,0
5/4/2010,0,0
5/5/2010,0,0
5/6/2010,0,0
5/7/2010,0,0
5/8/2010,0,0
5/9/2010,0,0
5/10/2010,0,0
5/11/2010,0,0
5/12/2010,0,0
5/13/2010,0,0
5/14/2010,0,0
5/15/2010,0,0
5/16/2010,0,0
5/17/2010,5,4.246109777
5/18/2010,0,0
5/19/2010,2,1.51847519
5/20/2010,6,2.985142603
5/21/2010,0,0
5/22/2010,3,0.766143483
5/23/2010,6,2.06598947
5/24/2010,0,0
5/25/2010,8,7.689594171
5/26/2010,8,3.883048545
5/27/2010,0,0
5/28/2010,12,7.993490916
5/29/2010,0,0
5/30/2010,0,0
5/31/2010,0,0
6/1/2010,7,6.593192228
6/2/2010,4,3.097342127
6/3/2010,12,0.379989141
6/4/2010,0,0
6/5/2010,0,0
6/6/2010,0,0
6/7/2010,0,0
6/8/2010,0,0
6/9/2010,0,0
6/10/2010,0,0
6/11/2010,0,0
6/12/2010,0,0
6/13/2010,0,0
6/14/2010,0,0
6/15/2010,0,0
6/16/2010,11,8.776978147
6/17/2010,0,0
6/18/2010,6,3.699018761
6/19/2010,0,0
6/20/2010,0,0
6/21/2010,0,0
6/22/2010,0,0
6/23/2010,0,0
6/24/2010,0,0
6/25/2010,0,0
6/26/2010,0,0
6/27/2010,8,3.423256075
6/28/2010,8,7.996571792
6/29/2010,0,0
6/30/2010,0,0
7/1/2010,4,0.705597765
7/2/2010,10,2.63978068
7/3/2010,0,0
7/4/2010,0,0
7/5/2010,10,5.698785958
7/6/2010,0,0
7/7/2010,0,0
7/8/2010,0,0
7/9/2010,0,0
7/10/2010,0,0
7/11/2010,0,0
7/12/2010,2,1.878207193
7/13/2010,0,0
7/14/2010,8,7.032744156
7/15/2010,0,0
7/16/2010,0,0
7/17/2010,0,0
7/18/2010,0,0
7/19/2010,0,0
7/20/2010,0,0
7/21/2010,0,0
7/22/2010,0,0
7/23/2010,0,0
7/24/2010,12,10.73906604
7/25/2010,0,0
7/26/2010,11,8.529048113
7/27/2010,5,3.244617108
7/28/2010,8,1.419906378
7/29/2010,0,0
7/30/2010,0,0
7/31/2010,0,0
8/1/2010,9,7.436060838
8/2/2010,0,0
8/3/2010,0,0
8/4/2010,0,0
8/5/2010,0,0
8/6/2010,0,0
8/7/2010,10,0.674220827
8/8/2010,12,10.08094365
8/9/2010,1,0.778833339
8/10/2010,0,0
8/11/2010,0,0
8/12/2010,4,2.853255778
8/13/2010,3,0.736397746
8/14/2010,8,0.986416687
8/15/2010,0,0
8/16/2010,10,6.118666055
8/17/2010,0,0
8/18/2010,9,5.616380828
8/19/2010,1,0.76153816
8/20/2010,0,0
8/21/2010,5,0.099205159
8/22/2010,1,0.803534381
8/23/2010,8,4.835954914
8/24/2010,7,4.92246
8/25/2010,0,0
8/26/2010,0,0
8/27/2010,0,0
8/28/2010,0,0
8/29/2010,8,0.756554
8/30/2010,0,0
8/31/2010,0,0
9/1/2010,0,0
9/2/2010,0,0
9/3/2010,0,0
9/4/2010,0,0
9/5/2010,0,0
9/6/2010,0,0
9/7/2010,0,0
9/8/2010,3,0.549712973
9/9/2010,0,0
9/10/2010,0,0
9/11/2010,0,0
9/12/2010,0,0
9/13/2010,0,0
9/14/2010,3,2.95808295
9/15/2010,0,0
9/16/2010,0,0
9/17/2010,0,0
9/18/2010,0,0
9/19/2010,0,0
9/20/2010,0,0
9/21/2010,0,0
9/22/2010,0,0
9/23/2010,0,0
9/24/2010,0,0
9/25/2010,3,0.271975508
9/26/2010,0,0
9/27/2010,0,0
9/28/2010,1,0.762334612
9/29/2010,0,0
9/30/2010,0,0
10/1/2010,0,0
10/2/2010,10,8.222385916
10/3/2010,0,0
10/4/2010,0,0
10/5/2010,12,5.068734004
10/6/2010,0,0
10/7/2010,0,0
10/8/2010,6,0.245740594
10/9/2010,0,0
10/10/2010,11,2.508976376
10/11/2010,0,0
10/12/2010,0,0
10/13/2010,0,0
10/14/2010,0,0
10/15/2010,5,3.913402321
10/16/2010,3,0.413853214
10/17/2010,0,0
10/18/2010,11,8.872365615
10/19/2010,5,0.372327946
10/20/2010,0,0
10/21/2010,10,0.682486755
10/22/2010,6,0.898228685
10/23/2010,7,3.135879307
10/24/2010,12,11.34417805
10/25/2010,0,0
10/26/2010,11,8.326697262
10/27/2010,0,0
10/28/2010,0,0
10/29/2010,0,0
10/30/2010,0,0
10/31/2010,0,0
11/1/2010,0,0
11/2/2010,0,0
11/3/2010,6,0.760248069
11/4/2010,0,0
11/5/2010,4,1.339519674
11/6/2010,0,0
11/7/2010,0,0
11/8/2010,0,0
11/9/2010,11,6.298135107
11/10/2010,0,0
11/11/2010,4,3.05220134
11/12/2010,0,0
11/13/2010,0,0
11/14/2010,3,0.027190396
11/15/2010,0,0
11/16/2010,0,0
11/17/2010,0,0
11/18/2010,8,6.08712309
11/19/2010,12,1.132503171
11/20/2010,3,0.593808881
11/21/2010,0,0
11/22/2010,0,0
11/23/2010,0,0
11/24/2010,0,0
11/25/2010,0,0
11/26/2010,0,0
11/27/2010,10,6.688931715
11/28/2010,0,0
11/29/2010,0,0
11/30/2010,12,1.683819412
12/1/2010,0,0
12/2/2010,0,0
12/3/2010,0,0
12/4/2010,0,0
12/5/2010,0,0
12/6/2010,0,0
12/7/2010,0,0
12/8/2010,0,0
12/9/2010,12,2.994315956
12/10/2010,0,0
12/11/2010,7,3.956281944
12/12/2010,0,0
12/13/2010,0,0
12/14/2010,7,1.958367454
12/15/2010,0,0
12/16/2010,0,0
12/17/2010,0,0
12/18/2010,8,0.575522365
12/19/2010,0,0
12/20/2010,9,8.606772273
12/21/2010,9,7.88907516
12/22/2010,0,0
12/23/2010,6,2.069591283
12/24/2010,0,0
12/25/2010,0,0
12/26/2010,0,0
12/27/2010,0,0
12/28/2010,0,0
12/29/2010,12,10.2254261
12/30/2010,0,0
12/31/2010,0,0
1/1/2011,5,2.625198749
1/2/2011,0,0
1/3/2011,0,0
1/4/2011,0,0
1/5/2011,0,0
1/6/2011,0,0
1/7/2011,12,10.50471478
1/8/2011,0,0
1/9/2011,10,3.595497313
1/10/2011,0,0
1/11/2011,7,0.005056508
1/12/2011,7,3.182560204
1/13/2011,0,0
1/14/2011,0,0
1/15/2011,0,0
1/16/2011,0,0
1/17/2011,12,9.246367747
1/18/2011,0,0
1/19/2011,0,0
1/20/2011,0,0
1/21/2011,3,1.988742467
1/22/2011,0,0
1/23/2011,0,0
1/24/2011,0,0
1/25/2011,0,0
1/26/2011,2,1.373266787
1/27/2011,4,2.783931714
1/28/2011,0,0
1/29/2011,0,0
1/30/2011,11,4.843685232
1/31/2011,0,0
2/1/2011,1,0.653136164
2/2/2011,0,0
2/3/2011,6,4.154069532
2/4/2011,5,2.269265559
2/5/2011,0,0
2/6/2011,5,2.660347044
2/7/2011,0,0
2/8/2011,0,0
2/9/2011,0,0
2/10/2011,0,0
2/11/2011,0,0
2/12/2011,0,0
2/13/2011,3,1.488327308
2/14/2011,0,0
2/15/2011,0,0
2/16/2011,0,0
2/17/2011,0,0
2/18/2011,0,0
2/19/2011,0,0
2/20/2011,0,0
2/21/2011,0,0
2/22/2011,9,6.845658149
2/23/2011,0,0
2/24/2011,4,0.48040095
2/25/2011,9,2.558297567
2/26/2011,2,0.91213421
2/27/2011,0,0
2/28/2011,11,10.10719291
3/1/2011,0,0
3/2/2011,2,0.899247643
3/3/2011,0,0
3/4/2011,0,0
3/5/2011,2,1.555977706
3/6/2011,0,0
3/7/2011,0,0
3/8/2011,0,0
3/9/2011,0,0
3/10/2011,0,0
3/11/2011,0,0
3/12/2011,0,0
3/13/2011,0,0
3/14/2011,0,0
3/15/2011,3,2.493027578
3/16/2011,10,5.91418081
3/17/2011,6,1.474616771
3/18/2011,5,4.056562419
3/19/2011,2,1.878228772
3/20/2011,0,0
3/21/2011,9,7.92077582
3/22/2011,0,0
3/23/2011,0,0
3/24/2011,0,0
3/25/2011,0,0
3/26/2011,4,2.314460948
3/27/2011,11,6.724320291
3/28/2011,0,0
3/29/2011,0,0
3/30/2011,2,0.104222509
3/31/2011,0,0
4/1/2011,0,0
4/2/2011,4,1.943269408
4/3/2011,6,3.368313545
4/4/2011,0,0
4/5/2011,0,0
4/6/2011,0,0
4/7/2011,5,1.231744599
4/8/2011,0,0
4/9/2011,0,0
4/10/2011,12,1.830193659
4/11/2011,0,0
4/12/2011,0,0
4/13/2011,0,0
4/14/2011,0,0
4/15/2011,5,3.339037564
4/16/2011,2,0.925135657
4/17/2011,0,0
4/18/2011,0,0
4/19/2011,2,0.085866085
4/20/2011,3,1.978813612
4/21/2011,12,7.645654115
4/22/2011,0,0
4/23/2011,6,5.451613468
4/24/2011,4,2.310095255
4/25/2011,0,0
4/26/2011,10,3.04991045
4/27/2011,0,0
4/28/2011,0,0
4/29/2011,0,0
4/30/2011,0,0
5/1/2011,12,3.376081939
5/2/2011,4,2.804133445
5/3/2011,0,0
5/4/2011,0,0
5/5/2011,0,0
5/6/2011,0,0
5/7/2011,0,0
5/8/2011,0,0
5/9/2011,7,6.423242589
5/10/2011,10,7.298527807
5/11/2011,0,0
5/12/2011,8,0.360885904
5/13/2011,0,0
5/14/2011,3,2.477974497
5/15/2011,9,4.604582782
5/16/2011,12,5.576432899
5/17/2011,0,0
5/18/2011,0,0
5/19/2011,0,0
5/20/2011,0,0
5/21/2011,0,0
5/22/2011,2,1.27107192
5/23/2011,12,8.742716177
5/24/2011,2,1.140813634
5/25/2011,0,0
5/26/2011,0,0
5/27/2011,0,0
5/28/2011,0,0
5/29/2011,0,0
5/30/2011,0,0
5/31/2011,3,2.048852969
6/1/2011,0,0
6/2/2011,0,0
6/3/2011,0,0
6/4/2011,0,0
6/5/2011,0,0
6/6/2011,1,0.621031657
6/7/2011,0,0
6/8/2011,9,2.751756583
6/9/2011,5,0.318224186
6/10/2011,0,0
6/11/2011,1,0.020634276
6/12/2011,0,0
6/13/2011,0,0
6/14/2011,0,0
6/15/2011,0,0
6/16/2011,0,0
6/17/2011,11,4.371799671
6/18/2011,5,2.310601798
6/19/2011,0,0
6/20/2011,0,0
6/21/2011,0,0
6/22/2011,0,0
6/23/2011,0,0
6/24/2011,0,0
6/25/2011,0,0
6/26/2011,4,0.918888947
6/27/2011,4,3.79190884
6/28/2011,0,0
6/29/2011,0,0
6/30/2011,0,0
7/1/2011,0,0
7/2/2011,0,0
7/3/2011,4,1.903609594
7/4/2011,0,0
7/5/2011,0,0
7/6/2011,0,0
7/7/2011,12,10.79732017
7/8/2011,11,7.220306576
7/9/2011,4,0.745002816
7/10/2011,0,0
7/11/2011,2,1.503964889
7/12/2011,0,0
7/13/2011,0,0
7/14/2011,6,0.964956817
7/15/2011,0,0
7/16/2011,0,0
7/17/2011,0,0
7/18/2011,0,0
7/19/2011,0,0
7/20/2011,0,0
7/21/2011,0,0
7/22/2011,0,0
7/23/2011,8,1.83458822
7/24/2011,0,0
7/25/2011,6,4.802407184
7/26/2011,0,0
7/27/2011,0,0
7/28/2011,0,0
7/29/2011,0,0
7/30/2011,9,2.317479021
7/31/2011,0,0
8/1/2011,0,0
8/2/2011,8,7.171722107
8/3/2011,11,8.238535139
8/4/2011,0,0
8/5/2011,11,5.334442166
8/6/2011,0,0
8/7/2011,0,0
8/8/2011,6,1.70854375
8/9/2011,4,1.385488059
8/10/2011,0,0
8/11/2011,5,4.83360563
8/12/2011,0,0
8/13/2011,5,4.97109726
8/14/2011,0,0
8/15/2011,0,0
8/16/2011,3,0.766795544
8/17/2011,0,0
8/18/2011,7,1.698589917
8/19/2011,3,0.863334181
8/20/2011,0,0
8/21/2011,6,2.366409846
8/22/2011,0,0
8/23/2011,0,0
8/24/2011,0,0
8/25/2011,11,0.145364219
8/26/2011,0,0
8/27/2011,0,0
8/28/2011,0,0
8/29/2011,1,0.951703735
8/30/2011,0,0
8/31/2011,2,0.363079651
9/1/2011,0,0
9/2/2011,4,0.108257923
9/3/2011,12,2.381942195
9/4/2011,0,0
9/5/2011,0,0
9/6/2011,10,3.614272694
9/7/2011,0,0
9/8/2011,0,0
9/9/2011,0,0
9/10/2011,0,0
9/11/2011,0,0
9/12/2011,0,0
9/13/2011,0,0
9/14/2011,8,0.503169035
9/15/2011,5,3.433007969
9/16/2011,6,3.642745144
9/17/2011,0,0
9/18/2011,7,5.836653625
9/19/2011,0,0
9/20/2011,1,0.205176988
9/21/2011,0,0
9/22/2011,0,0
9/23/2011,7,5.32495936
9/24/2011,0,0
9/25/2011,0,0
9/26/2011,11,9.009613667
9/27/2011,0,0
9/28/2011,0,0
9/29/2011,0,0
9/30/2011,0,0
10/1/2011,1,0.626546512
10/2/2011,0,0
10/3/2011,0,0
10/4/2011,0,0
10/5/2011,0,0
10/6/2011,0,0
10/7/2011,0,0
10/8/2011,9,3.082904552
10/9/2011,5,2.517337007
10/10/2011,0,0
10/11/2011,0,0
10/12/2011,0,0
10/13/2011,0,0
10/14/2011,0,0
10/15/2011,4,2.736322475
10/16/2011,0,0
10/17/2011,0,0
10/18/2011,0,0
10/19/2011,0,0
10/20/2011,0,0
10/21/2011,9,0.976559011
10/22/2011,9,3.144582175
10/23/2011,0,0
10/24/2011,0,0
10/25/2011,0,0
10/26/2011,0,0
10/27/2011,0,0
10/28/2011,7,3.209408154
10/29/2011,3,2.818200526
10/30/2011,0,0
10/31/2011,10,2.364036538
11/1/2011,0,0
11/2/2011,0,0
11/3/2011,8,4.851350801
11/4/2011,0,0
11/5/2011,0,0
11/6/2011,0,0
11/7/2011,0,0
11/8/2011,0,0
11/9/2011,0,0
11/10/2011,0,0
11/11/2011,6,0.749697925
11/12/2011,3,2.147549208
11/13/2011,0,0
11/14/2011,0,0
11/15/2011,7,4.946531598
11/16/2011,0,0
11/17/2011,6,1.681468959
11/18/2011,6,1.82606397
11/19/2011,0,0
11/20/2011,0,0
11/21/2011,5,4.291529108
11/22/2011,0,0
11/23/2011,0,0
11/24/2011,0,0
11/25/2011,7,4.906163088
11/26/2011,0,0
11/27/2011,0,0
11/28/2011,0,0
11/29/2011,0,0
11/30/2011,2,1.530983605
12/1/2011,0,0
12/2/2011,0,0
12/3/2011,0,0
12/4/2011,11,3.967821946
12/5/2011,11,4.085035942
12/6/2011,7,2.287098842
12/7/2011,0,0
12/8/2011,0,0
12/9/2011,0,0
12/10/2011,0,0
12/11/2011,0,0
12/12/2011,0,0
12/13/2011,2,0.742799827
12/14/2011,11,2.180922723
12/15/2011,0,0
12/16/2011,9,7.420096537
12/17/2011,6,2.389911467
12/18/2011,6,3.449138431
12/19/2011,0,0
12/20/2011,11,10.34357946
12/21/2011,0,0
12/22/2011,0,0
12/23/2011,0,0
12/24/2011,0,0
12/25/2011,10,8.814068873
12/26/2011,6,1.621971878
12/27/2011,12,0.633433647
12/28/2011,0,0
12/29/2011,0,0
12/30/2011,0,0
12/31/2011,12,9.476586883
1/1/2012,0,0
1/2/2012,0,0
1/3/2012,0,0
1/4/2012,0,0
1/5/2012,0,0
1/6/2012,1,0.685499454
1/7/2012,0,0
1/8/2012,0,0
1/9/2012,9,2.338019955
1/10/2012,0,0
1/11/2012,11,2.012163295
1/12/2012,11,10.38532519
1/13/2012,6,1.28708786
1/14/2012,0,0
1/15/2012,0,0
1/16/2012,0,0
1/17/2012,0,0
1/18/2012,12,8.065682205
1/19/2012,0,0
1/20/2012,0,0
1/21/2012,10,0.566427164
1/22/2012,0,0
1/23/2012,1,0.482003074
1/24/2012,0,0
1/25/2012,0,0
1/26/2012,9,4.558908258
1/27/2012,11,5.044875837
1/28/2012,11,1.787081258
1/29/2012,0,0
1/30/2012,7,1.107090867
1/31/2012,0,0
2/1/2012,0,0
2/2/2012,12,4.019494797
2/3/2012,0,0
2/4/2012,0,0
2/5/2012,10,0.260702543
2/6/2012,9,0.555044672
2/7/2012,8,6.861535809
2/8/2012,1,0.873713325
2/9/2012,0,0
2/10/2012,12,6.481332117
2/11/2012,0,0
2/12/2012,10,9.429960998
2/13/2012,8,2.961969195
2/14/2012,0,0
2/15/2012,0,0
2/16/2012,0,0
2/17/2012,0,0
2/18/2012,3,0.17850581
2/19/2012,0,0
2/20/2012,0,0
2/21/2012,0,0
2/22/2012,0,0
2/23/2012,0,0
2/24/2012,0,0
2/25/2012,0,0
2/26/2012,0,0
2/27/2012,0,0
2/28/2012,7,4.20417535
2/29/2012,0,0
3/1/2012,0,0
3/2/2012,4,1.16999333
3/3/2012,0,0
3/4/2012,0,0
3/5/2012,0,0
3/6/2012,0,0
3/7/2012,0,0
3/8/2012,7,3.182153662
3/9/2012,0,0
3/10/2012,0,0
3/11/2012,0,0
3/12/2012,0,0
3/13/2012,5,4.33112191
3/14/2012,0,0
3/15/2012,8,6.591260498
3/16/2012,0,0
3/17/2012,0,0
3/18/2012,6,1.802775488
3/19/2012,7,4.701088239
3/20/2012,0,0
3/21/2012,10,5.147338635
3/22/2012,0,0
3/23/2012,8,2.234571881
3/24/2012,6,4.973311831
3/25/2012,0,0
3/26/2012,1,0.004848926
3/27/2012,7,1.717392337
3/28/2012,0,0
3/29/2012,7,4.384440457
3/30/2012,0,0
3/31/2012,0,0
4/1/2012,11,6.674940684
4/2/2012,0,0
4/3/2012,0,0
4/4/2012,0,0
4/5/2012,0,0
4/6/2012,4,1.047548835
4/7/2012,0,0
4/8/2012,10,2.951388192
4/9/2012,0,0
4/10/2012,0,0
4/11/2012,6,4.282184987
4/12/2012,4,0.663704208
4/13/2012,0,0
4/14/2012,5,1.294792065
4/15/2012,6,4.863317054
4/16/2012,0,0
4/17/2012,0,0
4/18/2012,0,0
4/19/2012,0,0
4/20/2012,0,0
4/21/2012,0,0
4/22/2012,0,0
4/23/2012,12,11.70687981
4/24/2012,0,0
4/25/2012,11,2.210762946
4/26/2012,0,0
4/27/2012,0,0
4/28/2012,0,0
4/29/2012,0,0
4/30/2012,0,0
5/1/2012,1,0.037479889
5/2/2012,8,1.437868555
5/3/2012,0,0
5/4/2012,7,3.264612815
5/5/2012,0,0
5/6/2012,0,0
5/7/2012,0,0
5/8/2012,0,0
5/9/2012,0,0
5/10/2012,0,0
5/11/2012,0,0
5/12/2012,8,5.334944327
5/13/2012,0,0
5/14/2012,0,0
5/15/2012,11,1.046600779
5/16/2012,0,0
5/17/2012,0,0
5/18/2012,0,0
5/19/2012,7,2.951149038
5/20/2012,0,0
5/21/2012,0,0
5/22/2012,0,0
5/23/2012,0,0
5/24/2012,0,0
5/25/2012,1,0.013090556
5/26/2012,0,0
5/27/2012,2,0.413262501
5/28/2012,0,0
5/29/2012,12,6.633483997
5/30/2012,0,0
5/31/2012,11,3.728886317
6/1/2012,8,7.786828242
6/2/2012,0,0
6/3/2012,2,0.316172276
6/4/2012,0,0
6/5/2012,3,2.066119953
6/6/2012,8,1.271088743
6/7/2012,0,0
6/8/2012,0,0
6/9/2012,9,1.524907552
6/10/2012,0,0
6/11/2012,10,4.584234339
6/12/2012,0,0
6/13/2012,0,0
6/14/2012,0,0
6/15/2012,0,0
6/16/2012,5,4.461525159
6/17/2012,0,0
6/18/2012,0,0
6/19/2012,3,0.408749881
6/20/2012,5,4.532113445
6/21/2012,7,1.84366702
6/22/2012,9,1.214339812
6/23/2012,2,0.758307835
6/24/2012,9,5.15392813
6/25/2012,2,0.711427405
6/26/2012,0,0
6/27/2012,0,0
6/28/2012,7,2.069259661
6/29/2012,11,5.771623981
6/30/2012,0,0
7/1/2012,0,0
7/2/2012,1,0.82554275
7/3/2012,0,0
7/4/2012,0,0
7/5/2012,9,3.263929158
7/6/2012,6,4.425656863
7/7/2012,0,0
7/8/2012,0,0
7/9/2012,0,0
7/10/2012,0,0
7/11/2012,0,0
7/12/2012,2,0.339596783
7/13/2012,0,0
7/14/2012,0,0
7/15/2012,10,3.854312831
7/16/2012,12,7.260269448
7/17/2012,11,9.643010677
7/18/2012,0,0
7/19/2012,0,0
7/20/2012,0,0
7/21/2012,0,0
7/22/2012,12,9.330426526
7/23/2012,0,0
7/24/2012,2,0.692243978
7/25/2012,0,0
7/26/2012,0,0
7/27/2012,0,0
7/28/2012,0,0
7/29/2012,0,0
7/30/2012,0,0
7/31/2012,0,0
8/1/2012,0,0
8/2/2012,9,1.516362677
8/3/2012,0,0
8/4/2012,0,0
8/5/2012,0,0
8/6/2012,0,0
8/7/2012,0,0
8/8/2012,0,0
8/9/2012,0,0
8/10/2012,6,5.256126648
8/11/2012,12,1.129315648
8/12/2012,0,0
8/13/2012,12,7.530509459
8/14/2012,0,0
8/15/2012,0,0
8/16/2012,4,0.056476272
8/17/2012,8,1.888063944
8/18/2012,0,0
8/19/2012,2,0.735417316
8/20/2012,0,0
8/21/2012,0,0
8/22/2012,0,0
8/23/2012,11,5.483616357
8/24/2012,0,0
8/25/2012,0,0
8/26/2012,0,0
8/27/2012,0,0
8/28/2012,1,0.715820121
8/29/2012,0,0
8/30/2012,0,0
8/31/2012,0,0
9/1/2012,0,0
9/2/2012,0,0
9/3/2012,4,0.938248301
9/4/2012,0,0
9/5/2012,8,2.194930203
9/6/2012,12,7.86296276
9/7/2012,4,2.625852699
9/8/2012,0,0
9/9/2012,7,4.925909873
9/10/2012,9,6.753612011
9/11/2012,0,0
9/12/2012,5,0.415650241
9/13/2012,0,0
9/14/2012,0,0
9/15/2012,0,0
9/16/2012,7,0.793037102
9/17/2012,0,0
9/18/2012,5,1.816182686
9/19/2012,0,0
9/20/2012,0,0
9/21/2012,0,0
9/22/2012,0,0
9/23/2012,0,0
9/24/2012,0,0
9/25/2012,7,4.807581031
9/26/2012,0,0
9/27/2012,0,0
9/28/2012,11,5.439964014
9/29/2012,0,0
9/30/2012,9,3.039396194
10/1/2012,0,0
10/2/2012,10,9.153529761
10/3/2012,0,0
10/4/2012,4,3.037787056
10/5/2012,0,0
10/6/2012,6,4.452562886
10/7/2012,0,0
10/8/2012,6,5.48145513
10/9/2012,0,0
10/10/2012,0,0
10/11/2012,2,0.31200604
10/12/2012,3,1.678818601
10/13/2012,2,1.398339476
10/14/2012,5,3.229150098
10/15/2012,7,5.623001848
10/16/2012,0,0
10/17/2012,0,0
10/18/2012,0,0
10/19/2012,0,0
10/20/2012,0,0
10/21/2012,0,0
10/22/2012,0,0
10/23/2012,10,6.477981131
10/24/2012,0,0
10/25/2012,8,7.911651815
10/26/2012,0,0
10/27/2012,0,0
10/28/2012,0,0
10/29/2012,0,0
10/30/2012,0,0
10/31/2012,0,0
11/1/2012,0,0
11/2/2012,9,2.15314347
11/3/2012,0,0
11/4/2012,1,0.154057733
11/5/2012,5,3.893182943
11/6/2012,0,0
11/7/2012,5,1.161139345
11/8/2012,10,0.990471607
11/9/2012,1,0.293144843
11/10/2012,0,0
11/11/2012,0,0
11/12/2012,0,0
11/13/2012,0,0
11/14/2012,12,7.441910124
11/15/2012,0,0
11/16/2012,0,0
11/17/2012,0,0
11/18/2012,0,0
11/19/2012,0,0
11/20/2012,0,0
11/21/2012,0,0
11/22/2012,0,0
11/23/2012,12,0.071302509
11/24/2012,0,0
11/25/2012,0,0
11/26/2012,0,0
11/27/2012,0,0
11/28/2012,0,0
11/29/2012,5,1.077876598
11/30/2012,0,0
12/1/2012,9,1.054128141
12/2/2012,2,0.060034054
12/3/2012,0,0
12/4/2012,0,0
12/5/2012,0,0
12/6/2012,8,5.029703482
12/7/2012,6,4.413262143
12/8/2012,0,0
12/9/2012,6,5.4641188
12/10/2012,0,0
12/11/2012,0,0
12/12/2012,0,0
12/13/2012,10,4.734769898
12/14/2012,12,8.71753633
12/15/2012,11,9.730714135
12/16/2012,0,0
12/17/2012,0,0
12/18/2012,5,0.016569071
12/19/2012,0,0
12/20/2012,0,0
12/21/2012,4,1.055924537
12/22/2012,8,0.102878615
12/23/2012,7,3.725879362
12/24/2012,6,0.999388975
12/25/2012,6,0.248344854
12/26/2012,4,3.889673803
12/27/2012,0,0
12/28/2012,8,7.880339844
12/29/2012,0,0
12/30/2012,0,0
12/31/2012,1,0.47892729
1/1/2013,11,1.947126101
1/2/2013,7,5.178023881
1/3/2013,12,4.74427383
1/4/2013,2,0.655375169
1/5/2013,12,9.251103165
1/6/2013,10,6.648678223
1/7/2013,12,5.20022922
1/8/2013,0,0
1/9/2013,0,0
1/10/2013,0,0
1/11/2013,0,0
1/12/2013,0,0
1/13/2013,3,1.513772927
1/14/2013,0,0
1/15/2013,4,0.947484905
1/16/2013,0,0
1/17/2013,7,5.717858411
1/18/2013,5,1.470493725
1/19/2013,0,0
1/20/2013,0,0
1/21/2013,0,0
1/22/2013,0,0
1/23/2013,0,0
1/24/2013,0,0
1/25/2013,4,1.537829907
1/26/2013,0,0
1/27/2013,3,1.155477923
1/28/2013,0,0
1/29/2013,0,0
1/30/2013,0,0
1/31/2013,0,0
2/1/2013,0,0
2/2/2013,0,0
2/3/2013,1,0.949037163
2/4/2013,0,0
2/5/2013,0,0
2/6/2013,8,7.057918868
2/7/2013,12,3.801784754
2/8/2013,0,0
2/9/2013,0,0
2/10/2013,5,0.911516832
2/11/2013,3,2.20635341
2/12/2013,0,0
2/13/2013,0,0
2/14/2013,6,5.275086127
2/15/2013,1,0.48278686
2/16/2013,0,0
2/17/2013,0,0
2/18/2013,0,0
2/19/2013,2,1.054132873
2/20/2013,1,0.298519748
2/21/2013,0,0
2/22/2013,0,0
2/23/2013,0,0
2/24/2013,0,0
2/25/2013,12,7.633202648
2/26/2013,0,0
2/27/2013,0,0
2/28/2013,9,1.270243325
3/1/2013,0,0
3/2/2013,0,0
3/3/2013,2,0.089838831
3/4/2013,7,1.741432794
3/5/2013,0,0
3/6/2013,8,3.057189129
3/7/2013,0,0
3/8/2013,0,0
3/9/2013,7,4.396432388
3/10/2013,0,0
3/11/2013,9,6.720257136
3/12/2013,4,3.922837736
3/13/2013,0,0
3/14/2013,0,0
3/15/2013,0,0
3/16/2013,0,0
3/17/2013,0,0
3/18/2013,0,0
3/19/2013,0,0
3/20/2013,0,0
3/21/2013,8,3.53934979
3/22/2013,0,0
3/23/2013,12,6.027212761
3/24/2013,7,3.346275961
3/25/2013,4,3.534214601
3/26/2013,0,0
3/27/2013,3,2.334426663
3/28/2013,1,0.852088216
3/29/2013,11,1.724810442
3/30/2013,0,0
3/31/2013,6,0.563606076
4/1/2013,10,7.990421444
4/2/2013,0,0
4/3/2013,9,7.483094283
4/4/2013,1,0.373934507
4/5/2013,0,0
4/6/2013,0,0
4/7/2013,0,0
4/8/2013,10,2.738626763
4/9/2013,0,0
4/10/2013,2,0.451393651
4/11/2013,6,3.495502641
4/12/2013,5,4.148335978
4/13/2013,0,0
4/14/2013,0,0
4/15/2013,0,0
4/16/2013,0,0
4/17/2013,0,0
4/18/2013,0,0
4/19/2013,9,5.323969857
4/20/2013,11,6.925938385
4/21/2013,0,0
4/22/2013,5,2.132328176
4/23/2013,0,0
4/24/2013,0,0
4/25/2013,7,0.453326936
4/26/2013,6,1.688575503
4/27/2013,0,0
4/28/2013,0,0
4/29/2013,0,0
4/30/2013,0,0
5/1/2013,0,0
5/2/2013,0,0
5/3/2013,0,0
5/4/2013,0,0
5/5/2013,0,0
5/6/2013,0,0
5/7/2013,9,1.357825747
5/8/2013,9,4.437352511
5/9/2013,0,0
5/10/2013,6,0.646237183
5/11/2013,0,0
5/12/2013,0,0
5/13/2013,0,0
5/14/2013,12,0.309396322
5/15/2013,10,8.202774845
5/16/2013,0,0
5/17/2013,0,0
5/18/2013,0,0
5/19/2013,3,0.619451132
5/20/2013,9,8.574818798
5/21/2013,0,0
5/22/2013,0,0
5/23/2013,10,1.569389567
5/24/2013,9,3.242965578
5/25/2013,0,0
5/26/2013,8,5.268723263
5/27/2013,0,0
5/28/2013,0,0
5/29/2013,0,0
5/30/2013,0,0
5/31/2013,0,0
6/1/2013,0,0
6/2/2013,0,0
6/3/2013,0,0
6/4/2013,0,0
6/5/2013,5,0.841387553
6/6/2013,0,0
6/7/2013,0,0
6/8/2013,5,2.77993549
6/9/2013,0,0
6/10/2013,0,0
6/11/2013,10,0.115286507
6/12/2013,0,0
6/13/2013,3,0.095541491
6/14/2013,0,0
6/15/2013,0,0
6/16/2013,3,0.500879508
6/17/2013,0,0
6/18/2013,0,0
6/19/2013,0,0
6/20/2013,0,0
6/21/2013,0,0
6/22/2013,0,0
6/23/2013,0,0
6/24/2013,0,0
6/25/2013,6,3.772654493
6/26/2013,0,0
6/27/2013,0,0
6/28/2013,0,0
6/29/2013,0,0
6/30/2013,0,0
7/1/2013,0,0
7/2/2013,0,0
7/3/2013,0,0
7/4/2013,0,0
7/5/2013,0,0
7/6/2013,8,3.646104891
7/7/2013,0,0
7/8/2013,0,0
7/9/2013,10,3.472157835
7/10/2013,0,0
7/11/2013,2,1.945536036
7/12/2013,11,10.47471655
7/13/2013,0,0
7/14/2013,0,0
7/15/2013,0,0
7/16/2013,0,0
7/17/2013,0,0
7/18/2013,6,2.068639017
7/19/2013,0,0
7/20/2013,0,0
7/21/2013,0,0
7/22/2013,0,0
7/23/2013,0,0
7/24/2013,0,0
7/25/2013,0,0
7/26/2013,0,0
7/27/2013,0,0
7/28/2013,0,0
7/29/2013,11,5.756028917
7/30/2013,0,0
7/31/2013,0,0
8/1/2013,1,0.371538694
8/2/2013,0,0
8/3/2013,8,0.314625635
8/4/2013,0,0
8/5/2013,1,0.461209411
8/6/2013,3,0.847244379
8/7/2013,0,0
8/8/2013,7,2.367680539
8/9/2013,0,0
8/10/2013,0,0
8/11/2013,0,0
8/12/2013,0,0
8/13/2013,7,3.934093825
8/14/2013,0,0
8/15/2013,0,0
8/16/2013,0,0
8/17/2013,12,9.713334548
8/18/2013,0,0
8/19/2013,6,4.399977333
8/20/2013,0,0
8/21/2013,0,0
8/22/2013,0,0
8/23/2013,11,7.621496481
8/24/2013,7,1.21510895
8/25/2013,9,8.192834837
8/26/2013,6,1.864742973
8/27/2013,0,0
8/28/2013,0,0
8/29/2013,0,0
8/30/2013,12,5.852556707
8/31/2013,0,0
9/1/2013,11,3.968886339
9/2/2013,0,0
9/3/2013,0,0
9/4/2013,0,0
9/5/2013,0,0
9/6/2013,0,0
9/7/2013,5,2.660917269
9/8/2013,0,0
9/9/2013,7,5.257179417
9/10/2013,2,1.839710932
9/11/2013,11,5.471504009
9/12/2013,8,0.840469309
9/13/2013,3,0.764638415
9/14/2013,5,3.208612051
9/15/2013,0,0
9/16/2013,0,0
9/17/2013,0,0
9/18/2013,0,0
9/19/2013,0,0
9/20/2013,0,0
9/21/2013,4,1.892385492
9/22/2013,0,0
9/23/2013,11,2.850375449
9/24/2013,0,0
9/25/2013,0,0
9/26/2013,0,0
9/27/2013,0,0
9/28/2013,6,1.706921776
9/29/2013,0,0
9/30/2013,1,0.050558024
10/1/2013,0,0
10/2/2013,0,0
10/3/2013,1,0.176373976
10/4/2013,0,0
10/5/2013,0,0
10/6/2013,12,8.648534943
10/7/2013,11,4.696785714
10/8/2013,0,0
10/9/2013,0,0
10/10/2013,0,0
10/11/2013,0,0
10/12/2013,6,2.888255694
10/13/2013,0,0
10/14/2013,9,1.443076723
10/15/2013,0,0
10/16/2013,0,0
10/17/2013,0,0
10/18/2013,12,7.382974276
10/19/2013,0,0
10/20/2013,0,0
10/21/2013,0,0
10/22/2013,12,1.847666834
10/23/2013,0,0
10/24/2013,0,0
10/25/2013,0,0
10/26/2013,0,0
10/27/2013,3,2.925919132
10/28/2013,4,1.846968835
10/29/2013,0,0
10/30/2013,0,0
10/31/2013,0,0
11/1/2013,0,0
11/2/2013,7,0.780000308
11/3/2013,0,0
11/4/2013,0,0
11/5/2013,6,0.742735828
11/6/2013,11,0.285015709
11/7/2013,0,0
11/8/2013,0,0
11/9/2013,3,0.759285928
11/10/2013,8,7.846963072
11/11/2013,0,0
11/12/2013,8,2.387819348
11/13/2013,2,1.663768295
11/14/2013,0,0
11/15/2013,0,0
11/16/2013,3,2.18740143
11/17/2013,0,0
11/18/2013,0,0
11/19/2013,0,0
11/20/2013,0,0
11/21/2013,3,2.60533609
11/22/2013,0,0
11/23/2013,3,2.507245587
11/24/2013,0,0
11/25/2013,0,0
11/26/2013,7,4.640639966
11/27/2013,3,2.115072409
11/28/2013,0,0
11/29/2013,0,0
11/30/2013,9,2.708039377
12/1/2013,10,7.604219683
12/2/2013,0,0
12/3/2013,0,0
12/4/2013,10,6.075144756
12/5/2013,0,0
12/6/2013,0,0
12/7/2013,0,0
12/8/2013,0,0
12/9/2013,3,1.924029368
12/10/2013,0,0
12/11/2013,0,0
12/12/2013,3,2.005542696
12/13/2013,0,0
12/14/2013,0,0
12/15/2013,1,0.177708575
12/16/2013,4,0.519739145
12/17/2013,2,0.261111818
12/18/2013,0,0
12/19/2013,0,0
12/20/2013,0,0
12/21/2013,0,0
12/22/2013,0,0
12/23/2013,8,1.41117242
12/24/2013,7,1.030574885
12/25/2013,0,0
12/26/2013,10,8.68153107
12/27/2013,10,0.649116656
12/28/2013,6,2.666290782
12/29/2013,0,0
12/30/2013,0,0
12/31/2013,7,1.854735467
1/1/2014,3,1.924628264
1/2/2014,11,0.238131704
1/3/2014,10,4.815302371
1/4/2014,9,5.284376559
1/5/2014,0,0
1/6/2014,7,3.516960957
1/7/2014,0,0
1/8/2014,1,0.409121064
1/9/2014,5,1.33891381
1/10/2014,10,0.455768356
1/11/2014,0,0
1/12/2014,0,0
1/13/2014,7,0.758714415
1/14/2014,0,0
1/15/2014,0,0
1/16/2014,0,0
1/17/2014,9,6.84927682
1/18/2014,0,0
1/19/2014,12,7.436428667
1/20/2014,0,0
1/21/2014,0,0
1/22/2014,0,0
1/23/2014,0,0
1/24/2014,0,0
1/25/2014,8,5.816423589
1/26/2014,0,0
1/27/2014,0,0
1/28/2014,3,1.688879525
1/29/2014,0,0
1/30/2014,5,2.848467951
1/31/2014,0,0
2/1/2014,12,8.69872878
2/2/2014,0,0
2/3/2014,3,0.328020091
2/4/2014,0,0
2/5/2014,0,0
2/6/2014,0,0
2/7/2014,0,0
2/8/2014,0,0
2/9/2014,11,4.537401275
2/10/2014,0,0
2/11/2014,5,3.238239984
2/12/2014,4,1.809775053
2/13/2014,0,0
2/14/2014,5,2.772539195
2/15/2014,9,2.135530787
2/16/2014,0,0
2/17/2014,0,0
2/18/2014,0,0
2/19/2014,11,10.41979787
2/20/2014,0,0
2/21/2014,0,0
2/22/2014,0,0
2/23/2014,0,0
2/24/2014,0,0
2/25/2014,0,0
2/26/2014,11,4.352181487
2/27/2014,1,0.77162582
2/28/2014,0,0
3/1/2014,9,6.709311717
3/2/2014,7,5.492889157
3/3/2014,0,0
3/4/2014,10,4.339725349
3/5/2014,6,5.115154797
3/6/2014,0,0
3/7/2014,0,0
3/8/2014,0,0
3/9/2014,0,0
3/10/2014,0,0
3/11/2014,0,0
3/12/2014,6,2.813618503
3/13/2014,0,0
3/14/2014,0,0
3/15/2014,0,0
3/16/2014,0,0
3/17/2014,4,2.230835864
3/18/2014,0,0
3/19/2014,0,0
3/20/2014,0,0
3/21/2014,0,0
3/22/2014,0,0
3/23/2014,0,0
3/24/2014,4,3.908513186
3/25/2014,0,0
3/26/2014,0,0
3/27/2014,0,0
3/28/2014,9,6.856172926
3/29/2014,0,0
3/30/2014,0,0
3/31/2014,12,2.689691043
4/1/2014,0,0
4/2/2014,0,0
4/3/2014,0,0
4/4/2014,0,0
4/5/2014,0,0
4/6/2014,10,2.44624569
4/7/2014,0,0
4/8/2014,10,7.597251754
4/9/2014,0,0
4/10/2014,3,0.664634325
4/11/2014,0,0
4/12/2014,0,0
4/13/2014,6,2.600680937
4/14/2014,0,0
4/15/2014,0,0
4/16/2014,0,0
4/17/2014,0,0
4/18/2014,0,0
4/19/2014,12,10.72653532
4/20/2014,0,0
4/21/2014,0,0
4/22/2014,0,0
4/23/2014,0,0
4/24/2014,11,1.796998626
4/25/2014,0,0
4/26/2014,0,0
4/27/2014,0,0
4/28/2014,11,1.627101569
4/29/2014,0,0
4/30/2014,0,0
5/1/2014,0,0
5/2/2014,6,0.263498031
5/3/2014,5,1.192220381
5/4/2014,0,0
5/5/2014,9,1.099292585
5/6/2014,0,0
5/7/2014,3,1.671998415
5/8/2014,0,0
5/9/2014,0,0
5/10/2014,0,0
5/11/2014,6,5.253836747
5/12/2014,0,0
5/13/2014,0,0
5/14/2014,0,0
5/15/2014,0,0
5/16/2014,0,0
5/17/2014,0,0
5/18/2014,0,0
5/19/2014,0,0
5/20/2014,11,10.1891687
5/21/2014,0,0
5/22/2014,0,0
5/23/2014,0,0
5/24/2014,1,0.475901385
5/25/2014,3,2.908151538
5/26/2014,12,4.145700034
5/27/2014,0,0
5/28/2014,0,0
5/29/2014,2,0.023472084
5/30/2014,1,0.804946244
5/31/2014,6,3.199130737
6/1/2014,0,0
6/2/2014,0,0
6/3/2014,0,0
6/4/2014,2,1.553942577
6/5/2014,6,5.937095807
6/6/2014,0,0
6/7/2014,0,0
6/8/2014,0,0
6/9/2014,11,10.79443797
6/10/2014,9,3.791485586
6/11/2014,0,0
6/12/2014,0,0
6/13/2014,3,1.925738007
6/14/2014,0,0
6/15/2014,0,0
6/16/2014,0,0
6/17/2014,7,2.063331998
6/18/2014,10,6.508379328
6/19/2014,6,5.098534873
6/20/2014,0,0
6/21/2014,0,0
6/22/2014,4,0.23039916
6/23/2014,4,2.561356927
6/24/2014,0,0
6/25/2014,0,0
6/26/2014,5,3.297422442
6/27/2014,1,0.590056785
6/28/2014,0,0
6/29/2014,11,4.694923461
6/30/2014,5,0.599471663
7/1/2014,0,0
7/2/2014,0,0
7/3/2014,11,9.104438148
7/4/2014,0,0
7/5/2014,5,4.588107552
7/6/2014,0,0
7/7/2014,0,0
7/8/2014,0,0
7/9/2014,0,0
7/10/2014,7,2.515317638
7/11/2014,0,0
7/12/2014,9,0.738799411
7/13/2014,0,0
7/14/2014,5,0.553890658
7/15/2014,4,1.783488243
7/16/2014,5,4.205346026
7/17/2014,0,0
7/18/2014,0,0
7/19/2014,0,0
7/20/2014,5,2.898691479
7/21/2014,0,0
7/22/2014,0,0
7/23/2014,0,0
7/24/2014,0,0
7/25/2014,0,0
7/26/2014,6,5.129972173
7/27/2014,0,0
7/28/2014,10,5.73634335
7/29/2014,6,3.051550705
7/30/2014,0,0
7/31/2014,0,0
8/1/2014,0,0
8/2/2014,0,0
8/3/2014,0,0
8/4/2014,0,0
8/5/2014,0,0
8/6/2014,0,0
8/7/2014,0,0
8/8/2014,6,5.711350276
8/9/2014,0,0
8/10/2014,0,0
8/11/2014,0,0
8/12/2014,5,0.33415789
8/13/2014,5,3.217625513
8/14/2014,0,0
8/15/2014,0,0
8/16/2014,0,0
8/17/2014,0,0
8/18/2014,7,6.153068222
8/19/2014,0,0
8/20/2014,6,5.270671342
8/21/2014,0,0
8/22/2014,0,0
8/23/2014,9,2.918999005
8/24/2014,1,0.300478493
8/25/2014,6,1.54938614
8/26/2014,8,2.659391279
8/27/2014,11,5.568513901
8/28/2014,5,4.489679241
8/29/2014,5,0.462998386
8/30/2014,0,0
8/31/2014,0,0
9/1/2014,9,0.807859481
9/2/2014,0,0
9/3/2014,0,0
9/4/2014,0,0
9/5/2014,0,0
9/6/2014,6,1.656834585
9/7/2014,0,0
9/8/2014,0,0
9/9/2014,12,11.36904751
9/10/2014,0,0
9/11/2014,0,0
9/12/2014,0,0
9/13/2014,0,0
9/14/2014,0,0
9/15/2014,0,0
9/16/2014,5,0.841947139
9/17/2014,0,0
9/18/2014,0,0
9/19/2014,0,0
9/20/2014,0,0
9/21/2014,9,6.112608762
9/22/2014,2,1.291215891
9/23/2014,4,0.194508407
9/24/2014,4,1.840804879
9/25/2014,0,0
9/26/2014,0,0
9/27/2014,7,2.027406428
9/28/2014,0,0
9/29/2014,0,0
9/30/2014,0,0
10/1/2014,2,0.494257112
10/2/2014,0,0
10/3/2014,8,1.172969527
10/4/2014,0,0
10/5/2014,0,0
10/6/2014,1,0.769025313
10/7/2014,8,4.891073655
10/8/2014,2,0.360863881
10/9/2014,9,0.42180092
10/10/2014,3,1.908275259
10/11/2014,12,8.640944157
10/12/2014,5,4.648064242
10/13/2014,0,0
10/14/2014,0,0
10/15/2014,0,0
10/16/2014,0,0
10/17/2014,0,0
10/18/2014,0,0
10/19/2014,11,7.753640675
10/20/2014,0,0
10/21/2014,0,0
10/22/2014,0,0
10/23/2014,0,0
10/24/2014,0,0
10/25/2014,0,0
10/26/2014,0,0
10/27/2014,0,0
10/28/2014,12,1.06719811
10/29/2014,8,3.629976591
10/30/2014,0,0
10/31/2014,12,6.736145509
11/1/2014,0,0
11/2/2014,0,0
11/3/2014,0,0
11/4/2014,0,0
11/5/2014,6,3.578140752
11/6/2014,0,0
11/7/2014,6,0.966639495
11/8/2014,1,0.838190954
11/9/2014,0,0
11/10/2014,0,0
11/11/2014,4,2.261390021
11/12/2014,0,0
11/13/2014,0,0
11/14/2014,0,0
11/15/2014,4,2.945938435
11/16/2014,0,0
11/17/2014,0,0
11/18/2014,0,0
11/19/2014,0,0
11/20/2014,11,3.221491986
11/21/2014,0,0
11/22/2014,7,1.461578293
11/23/2014,6,3.887747224
11/24/2014,0,0
11/25/2014,7,4.448183579
11/26/2014,4,0.021138048
11/27/2014,0,0
11/28/2014,10,2.475127117
11/29/2014,0,0
11/30/2014,8,6.986840078
12/1/2014,0,0
12/2/2014,0,0
12/3/2014,0,0
12/4/2014,0,0
12/5/2014,0,0
12/6/2014,0,0
12/7/2014,0,0
12/8/2014,0,0
12/9/2014,0,0
12/10/2014,0,0
12/11/2014,0,0
12/12/2014,0,0
12/13/2014,0,0
12/14/2014,0,0
12/15/2014,7,1.922000256
12/16/2014,0,0
12/17/2014,0,0
12/18/2014,8,5.961750961
12/19/2014,0,0
12/20/2014,0,0
12/21/2014,5,2.140723928
12/22/2014,8,0.299458463
12/23/2014,0,0
12/24/2014,0,0
12/25/2014,12,6.078331589
12/26/2014,0,0
12/27/2014,0,0
12/28/2014,0,0
12/29/2014,0,0
12/30/2014,0,0
12/31/2014,0,0
1/1/2015,3,2.387608108
1/2/2015,0,0
1/3/2015,0,0
1/4/2015,11,4.154274302
1/5/2015,0,0
1/6/2015,0,0
1/7/2015,1,0.759727012
1/8/2015,0,0
1/9/2015,5,4.03707641
1/10/2015,0,0
1/11/2015,5,4.874618804
1/12/2015,0,0
1/13/2015,0,0
1/14/2015,12,7.885115099
1/15/2015,0,0
1/16/2015,0,0
1/17/2015,8,7.95090536
1/18/2015,0,0
1/19/2015,0,0
1/20/2015,0,0
1/21/2015,0,0
1/22/2015,0,0
1/23/2015,4,3.78265828
1/24/2015,2,0.647388877
1/25/2015,0,0
1/26/2015,7,6.962710774
1/27/2015,1,0.738237378
1/28/2015,0,0
1/29/2015,6,4.098832797
1/30/2015,0,0
1/31/2015,4,3.431668055
2/1/2015,0,0
2/2/2015,11,7.756054136
2/3/2015,9,2.722386021
2/4/2015,9,1.058862153
2/5/2015,0,0
2/6/2015,9,8.692229082
2/7/2015,0,0
2/8/2015,0,0
2/9/2015,0,0
2/10/2015,0,0
2/11/2015,0,0
2/12/2015,2,1.681005878
2/13/2015,0,0
2/14/2015,0,0
2/15/2015,0,0
2/16/2015,0,0
2/17/2015,0,0
2/18/2015,0,0
2/19/2015,8,0.488461856
2/20/2015,0,0
2/21/2015,0,0
2/22/2015,0,0
2/23/2015,0,0
2/24/2015,4,3.490824254
2/25/2015,3,0.036813492
2/26/2015,7,4.554200481
2/27/2015,0,0
2/28/2015,0,0
3/1/2015,0,0
3/2/2015,0,0
3/3/2015,0,0
3/4/2015,4,2.656783714
3/5/2015,0,0
3/6/2015,9,3.240969417
3/7/2015,4,1.865976629
3/8/2015,0,0
3/9/2015,9,6.009744331
3/10/2015,0,0
3/11/2015,0,0
3/12/2015,11,10.86505358
3/13/2015,0,0
3/14/2015,0,0
3/15/2015,0,0
3/16/2015,0,0
3/17/2015,0,0
3/18/2015,10,9.052711811
3/19/2015,7,5.786797318
3/20/2015,0,0
3/21/2015,0,0
3/22/2015,0,0
3/23/2015,0,0
3/24/2015,0,0
3/25/2015,11,2.44405256
3/26/2015,3,1.656872591
3/27/2015,10,8.149294963
3/28/2015,3,0.396698355
3/29/2015,2,1.08327637
3/30/2015,0,0
3/31/2015,0,0
4/1/2015,1,0.690884176
4/2/2015,0,0
4/3/2015,5,3.571810488
4/4/2015,9,0.695859878
4/5/2015,6,3.428106149
4/6/2015,0,0
4/7/2015,0,0
4/8/2015,0,0
4/9/2015,0,0
4/10/2015,0,0
4/11/2015,2,0.619508899
4/12/2015,0,0
4/13/2015,8,5.202724361
4/14/2015,0,0
4/15/2015,12,2.53914623
4/16/2015,2,0.441516894
4/17/2015,0,0
4/18/2015,11,1.647763549
4/19/2015,0,0
4/20/2015,0,0
4/21/2015,2,0.84712411
4/22/2015,6,4.282618712
4/23/2015,0,0
4/24/2015,0,0
4/25/2015,0,0
4/26/2015,0,0
4/27/2015,12,1.76867346
4/28/2015,0,0
4/29/2015,3,2.593185325
4/30/2015,11,6.436306758
5/1/2015,9,7.783050095
5/2/2015,0,0
5/3/2015,4,1.176456112
5/4/2015,0,0
5/5/2015,0,0
5/6/2015,0,0
5/7/2015,0,0
5/8/2015,0,0
5/9/2015,0,0
5/10/2015,0,0
5/11/2015,0,0
5/12/2015,0,0
5/13/2015,0,0
5/14/2015,0,0
5/15/2015,0,0
5/16/2015,0,0
5/17/2015,4,1.275511516
5/18/2015,0,0
5/19/2015,4,3.505896172
5/20/2015,0,0
5/21/2015,0,0
5/22/2015,0,0
5/23/2015,3,2.032489805
5/24/2015,8,3.027715229
5/25/2015,0,0
5/26/2015,0,0
5/27/2015,10,7.009986328
5/28/2015,11,2.142300455
5/29/2015,0,0
5/30/2015,0,0
5/31/2015,10,3.403034601
6/1/2015,0,0
6/2/2015,9,0.962498496
6/3/2015,0,0
6/4/2015,0,0
6/5/2015,0,0
6/6/2015,0,0
6/7/2015,0,0
6/8/2015,3,0.676501115
6/9/2015,3,0.864363595
6/10/2015,0,0
6/11/2015,0,0
6/12/2015,0,0
6/13/2015,0,0
6/14/2015,0,0
6/15/2015,0,0
6/16/2015,8,1.356624428
6/17/2015,0,0
6/18/2015,12,6.78658115
6/19/2015,0,0
6/20/2015,0,0
6/21/2015,0,0
6/22/2015,0,0
6/23/2015,0,0
6/24/2015,0,0
6/25/2015,12,0.678585607
6/26/2015,0,0
6/27/2015,0,0
6/28/2015,0,0
6/29/2015,0,0
6/30/2015,0,0
7/1/2015,9,6.135091352
7/2/2015,0,0
7/3/2015,2,0.777042975
7/4/2015,0,0
7/5/2015,5,2.277924539
7/6/2015,5,4.5845671
7/7/2015,7,0.664695414
7/8/2015,0,0
7/9/2015,1,0.370180233
7/10/2015,0,0
7/11/2015,5,0.151652388
7/12/2015,0,0
7/13/2015,5,3.820822918
7/14/2015,0,0
7/15/2015,1,0.556952618
7/16/2015,0,0
7/17/2015,0,0
7/18/2015,0,0
7/19/2015,0,0
7/20/2015,0,0
7/21/2015,0,0
7/22/2015,0,0
7/23/2015,0,0
7/24/2015,0,0
7/25/2015,4,3.544786218
7/26/2015,11,7.835122449
7/27/2015,9,2.776191201
7/28/2015,12,9.208838608
7/29/2015,2,1.457427351
7/30/2015,0,0
7/31/2015,0,0
8/1/2015,0,0
8/2/2015,0,0
8/3/2015,0,0
8/4/2015,4,3.553130461
8/5/2015,3,0.631832693
8/6/2015,0,0
8/7/2015,0,0
8/8/2015,2,1.870016927
8/9/2015,3,2.339844311
8/10/2015,0,0
8/11/2015,0,0
8/12/2015,0,0
8/13/2015,0,0
8/14/2015,0,0
8/15/2015,0,0
8/16/2015,0,0
8/17/2015,9,7.837696325
8/18/2015,9,8.191631014
8/19/2015,0,0
8/20/2015,0,0
8/21/2015,0,0
8/22/2015,4,0.611819273
8/23/2015,0,0
8/24/2015,0,0
8/25/2015,0,0
8/26/2015,0,0
8/27/2015,0,0
8/28/2015,0,0
8/29/2015,0,0
8/30/2015,6,2.527381192
8/31/2015,0,0
9/1/2015,0,0
9/2/2015,0,0
9/3/2015,8,6.477228106
9/4/2015,0,0
9/5/2015,0,0
9/6/2015,7,5.535959598
9/7/2015,11,6.822709187
9/8/2015,0,0
9/9/2015,9,8.014073801
9/10/2015,0,0
9/11/2015,0,0
9/12/2015,0,0
9/13/2015,0,0
9/14/2015,8,6.093606772
9/15/2015,0,0
9/16/2015,5,1.249972845
9/17/2015,0,0
9/18/2015,0,0
9/19/2015,0,0
9/20/2015,8,3.461849547
9/21/2015,0,0
9/22/2015,0,0
9/23/2015,0,0
9/24/2015,0,0
9/25/2015,3,0.777505015
9/26/2015,6,0.025381481
9/27/2015,3,2.535076546
9/28/2015,0,0
9/29/2015,0,0
9/30/2015,0,0
10/1/2015,0,0
10/2/2015,0,0
10/3/2015,0,0
10/4/2015,0,0
10/5/2015,0,0
10/6/2015,0,0
10/7/2015,0,0
10/8/2015,0,0
10/9/2015,0,0
10/10/2015,1,0.838677056
10/11/2015,0,0
10/12/2015,10,6.171286323
10/13/2015,0,0
10/14/2015,5,0.46909849
10/15/2015,0,0
10/16/2015,8,0.8474985
10/17/2015,0,0
10/18/2015,0,0
10/19/2015,0,0
10/20/2015,0,0
10/21/2015,0,0
10/22/2015,0,0
10/23/2015,0,0
10/24/2015,0,0
10/25/2015,11,9.375060718
10/26/2015,0,0
10/27/2015,0,0
10/28/2015,2,1.90116963
10/29/2015,0,0
10/30/2015,10,5.081595745
10/31/2015,9,3.44703404
11/1/2015,0,0
11/2/2015,0,0
11/3/2015,0,0
11/4/2015,0,0
11/5/2015,9,8.933557381
11/6/2015,0,0
11/7/2015,0,0
11/8/2015,0,0
11/9/2015,0,0
11/10/2015,0,0
11/11/2015,0,0
11/12/2015,1,0.035115218
11/13/2015,0,0
11/14/2015,5,3.554204202
11/15/2015,8,7.552126946
11/16/2015,0,0
11/17/2015,0,0
11/18/2015,0,0
11/19/2015,5,1.238267544
11/20/2015,0,0
11/21/2015,1,0.289625246
11/22/2015,1,0.572606528
11/23/2015,0,0
11/24/2015,0,0
11/25/2015,0,0
11/26/2015,0,0
11/27/2015,0,0
11/28/2015,0,0
11/29/2015,2,1.659237711
11/30/2015,0,0
12/1/2015,0,0
12/2/2015,10,6.83691134
12/3/2015,3,0.524762581
12/4/2015,1,0.110984735
12/5/2015,5,2.368607845
12/6/2015,0,0
12/7/2015,0,0
12/8/2015,6,5.351627477
12/9/2015,0,0
12/10/2015,0,0
12/11/2015,1,0.911679516
12/12/2015,0,0
12/13/2015,0,0
12/14/2015,0,0
12/15/2015,0,0
12/16/2015,0,0
12/17/2015,0,0
12/18/2015,0,0
12/19/2015,0,0
12/20/2015,0,0
12/21/2015,10,6.013993344
12/22/2015,0,0
12/23/2015,0,0
12/24/2015,5,1.283708982
12/25/2015,5,4.104687778
12/26/2015,0,0
12/27/2015,0,0
12/28/2015,0,0
12/29/2015,0,0
12/30/2015,0,0
12/31/2015,0,0
1/1/2016,0,0
1/2/2016,0,0
1/3/2016,0,0
1/4/2016,6,2.959132103
1/5/2016,0,0
1/6/2016,0,0
1/7/2016,2,1.293690371
1/8/2016,8,7.101358272
1/9/2016,12,10.22066291
1/10/2016,0,0
1/11/2016,0,0
1/12/2016,2,0.290929351
1/13/2016,0,0
1/14/2016,0,0
1/15/2016,0,0
1/16/2016,0,0
1/17/2016,3,1.446139997
1/18/2016,0,0
1/19/2016,2,0.73300294
1/20/2016,0,0
1/21/2016,0,0
1/22/2016,0,0
1/23/2016,0,0
1/24/2016,1,0.080403468
1/25/2016,0,0
1/26/2016,0,0
1/27/2016,0,0
1/28/2016,6,5.141618797
1/29/2016,2,0.024606319
1/30/2016,7,0.266905148
1/31/2016,0,0
2/1/2016,0,0
2/2/2016,0,0
2/3/2016,0,0
2/4/2016,11,4.477916669
2/5/2016,5,1.356186951
2/6/2016,0,0
2/7/2016,0,0
2/8/2016,0,0
2/9/2016,0,0
2/10/2016,0,0
2/11/2016,5,2.532384429
2/12/2016,0,0
2/13/2016,8,5.349097081
2/14/2016,8,2.832844392
2/15/2016,0,0
2/16/2016,1,0.006372921
2/17/2016,0,0
2/18/2016,0,0
2/19/2016,8,3.556719809
2/20/2016,2,0.353721343
2/21/2016,9,5.628755807
2/22/2016,9,5.74725401
2/23/2016,0,0
2/24/2016,9,3.55825499
2/25/2016,0,0
2/26/2016,0,0
2/27/2016,0,0
2/28/2016,3,0.962805191
2/29/2016,10,7.426613356
3/1/2016,0,0
3/2/2016,7,4.128372402
3/3/2016,7,6.590253978
3/4/2016,0,0
3/5/2016,0,0
3/6/2016,0,0
3/7/2016,4,0.039929621
3/8/2016,3,2.120099152
3/9/2016,0,0
3/10/2016,11,4.265854467
3/11/2016,0,0
3/12/2016,0,0
3/13/2016,12,0.160750971
3/14/2016,0,0
3/15/2016,0,0
3/16/2016,0,0
3/17/2016,0,0
3/18/2016,2,0.361117317
3/19/2016,0,0
3/20/2016,0,0
3/21/2016,0,0
3/22/2016,2,0.489525849
3/23/2016,0,0
3/24/2016,0,0
3/25/2016,0,0
3/26/2016,9,7.787072341
3/27/2016,0,0
3/28/2016,0,0
3/29/2016,0,0
3/30/2016,10,6.201806312
3/31/2016,2,0.979610668
4/1/2016,2,1.883888183
4/2/2016,0,0
4/3/2016,0,0
4/4/2016,10,5.71996183
4/5/2016,0,0
4/6/2016,5,3.752300056
4/7/2016,0,0
4/8/2016,0,0
4/9/2016,6,5.846985989
4/10/2016,0,0
4/11/2016,3,2.460025997
4/12/2016,0,0
4/13/2016,0,0
4/14/2016,12,6.915118488
4/15/2016,3,0.612504679
4/16/2016,0,0
4/17/2016,0,0
4/18/2016,0,0
4/19/2016,7,1.432653073
4/20/2016,0,0
4/21/2016,0,0
4/22/2016,7,4.150457339
4/23/2016,0,0
4/24/2016,0,0
4/25/2016,6,3.396129752
4/26/2016,0,0
4/27/2016,0,0
4/28/2016,0,0
4/29/2016,4,1.660405084
4/30/2016,0,0
5/1/2016,3,0.106674423
5/2/2016,0,0
5/3/2016,3,2.640134888
5/4/2016,0,0
5/5/2016,0,0
5/6/2016,0,0
5/7/2016,0,0
5/8/2016,0,0
5/9/2016,0,0
5/10/2016,0,0
5/11/2016,8,7.672499586
5/12/2016,4,3.37593185
5/13/2016,0,0
5/14/2016,4,3.925947023
5/15/2016,0,0
5/16/2016,0,0
5/17/2016,2,1.627044585
5/18/2016,0,0
5/19/2016,8,4.838472213
5/20/2016,0,0
5/21/2016,0,0
5/22/2016,9,5.406262909
5/23/2016,0,0
5/24/2016,0,0
5/25/2016,11,1.8658249
5/26/2016,2,0.483951222
5/27/2016,0,0
5/28/2016,0,0
5/29/2016,0,0
5/30/2016,3,1.579118879
5/31/2016,0,0
6/1/2016,0,0
6/2/2016,12,7.660627811
6/3/2016,8,4.702278951
6/4/2016,0,0
6/5/2016,0,0
6/6/2016,4,3.825455337
6/7/2016,10,4.30136843
6/8/2016,0,0
6/9/2016,0,0
6/10/2016,0,0
6/11/2016,0,0
6/12/2016,0,0
6/13/2016,0,0
6/14/2016,0,0
6/15/2016,6,5.38064867
6/16/2016,0,0
6/17/2016,4,2.710544461
6/18/2016,3,1.732561646
6/19/2016,0,0
6/20/2016,12,3.65581768
6/21/2016,0,0
6/22/2016,0,0
6/23/2016,8,3.48612211
6/24/2016,8,0.781208945
6/25/2016,3,2.818240811
6/26/2016,12,4.74831404
6/27/2016,0,0
6/28/2016,0,0
6/29/2016,10,4.283649791
6/30/2016,0,0
7/1/2016,2,1.420337036
7/2/2016,11,0.013610656
7/3/2016,0,0
7/4/2016,0,0
7/5/2016,0,0
7/6/2016,0,0
7/7/2016,8,7.874442005
7/8/2016,0,0
7/9/2016,0,0
7/10/2016,0,0
7/11/2016,9,7.915326997
7/12/2016,0,0
7/13/2016,0,0
7/14/2016,0,0
7/15/2016,0,0
7/16/2016,0,0
7/17/2016,0,0
7/18/2016,12,8.418217387
7/19/2016,3,2.983162482
7/20/2016,0,0
7/21/2016,0,0
7/22/2016,0,0
7/23/2016,0,0
7/24/2016,3,1.968104114
7/25/2016,0,0
7/26/2016,0,0
7/27/2016,0,0
7/28/2016,0,0
7/29/2016,0,0
7/30/2016,0,0
7/31/2016,0,0
8/1/2016,0,0
8/2/2016,10,8.269558683
8/3/2016,0,0
8/4/2016,0,0
8/5/2016,0,0
8/6/2016,0,0
8/7/2016,11,9.627144489
8/8/2016,0,0
8/9/2016,0,0
8/10/2016,12,9.618403015
8/11/2016,0,0
8/12/2016,0,0
8/13/2016,0,0
8/14/2016,0,0
8/15/2016,5,4.819973277
8/16/2016,0,0
8/17/2016,0,0
8/18/2016,1,0.796536304
8/19/2016,12,1.472657709
8/20/2016,0,0
8/21/2016,0,0
8/22/2016,4,1.059508398
8/23/2016,0,0
8/24/2016,4,3.616522344
8/25/2016,0,0
8/26/2016,0,0
8/27/2016,0,0
8/28/2016,0,0
8/29/2016,7,1.566832922
8/30/2016,0,0
8/31/2016,4,0.467563648
9/1/2016,7,4.328116011
9/2/2016,0,0
9/3/2016,6,4.269285686
9/4/2016,0,0
9/5/2016,0,0
9/6/2016,0,0
9/7/2016,0,0
9/8/2016,0,0
9/9/2016,0,0
9/10/2016,0,0
9/11/2016,5,3.486223732
9/12/2016,0,0
9/13/2016,0,0
9/14/2016,4,3.283633129
9/15/2016,0,0
9/16/2016,12,0.979054869
9/17/2016,0,0
9/18/2016,0,0
9/19/2016,0,0
9/20/2016,0,0
9/21/2016,0,0
9/22/2016,11,6.63490467
9/23/2016,2,0.507533015
9/24/2016,0,0
9/25/2016,2,0.116775958
9/26/2016,1,0.397595693
9/27/2016,0,0
9/28/2016,8,5.017055392
9/29/2016,8,0.096874626
9/30/2016,0,0
10/1/2016,0,0
10/2/2016,6,2.140778433
10/3/2016,0,0
10/4/2016,0,0
10/5/2016,0,0
10/6/2016,6,4.305193387
10/7/2016,8,4.914603996
10/8/2016,0,0
10/9/2016,0,0
10/10/2016,0,0
10/11/2016,0,0
10/12/2016,1,0.249785788
10/13/2016,0,0
10/14/2016,11,7.379009441
10/15/2016,0,0
10/16/2016,0,0
10/17/2016,0,0
10/18/2016,1,0.67828979
10/19/2016,0,0
10/20/2016,0,0
10/21/2016,5,2.012828533
10/22/2016,8,7.188024679
10/23/2016,7,6.655372169
10/24/2016,0,0
10/25/2016,0,0
10/26/2016,0,0
10/27/2016,3,0.4340412
10/28/2016,3,2.962127114
10/29/2016,0,0
10/30/2016,0,0
10/31/2016,0,0
11/1/2016,0,0
11/2/2016,0,0
11/3/2016,0,0
11/4/2016,0,0
11/5/2016,12,3.017465821
11/6/2016,10,2.809801042
11/7/2016,4,1.840925022
11/8/2016,0,0
11/9/2016,0,0
11/10/2016,0,0
11/11/2016,0,0
11/12/2016,2,1.968378503
11/13/2016,0,0
11/14/2016,0,0
11/15/2016,2,0.277703634
11/16/2016,0,0
11/17/2016,12,9.714814074
11/18/2016,0,0
11/19/2016,0,0
11/20/2016,0,0
11/21/2016,0,0
11/22/2016,0,0
11/23/2016,0,0
11/24/2016,0,0
11/25/2016,3,0.534277499
11/26/2016,0,0
11/27/2016,0,0
11/28/2016,4,1.794846827
11/29/2016,0,0
11/30/2016,0,0
12/1/2016,3,0.683771403
12/2/2016,0,0
12/3/2016,0,0
12/4/2016,0,0
12/5/2016,0,0
12/6/2016,0,0
12/7/2016,3,1.343398928
12/8/2016,0,0
12/9/2016,0,0
12/10/2016,0,0
12/11/2016,11,4.428247158
12/12/2016,6,3.00590393
12/13/2016,0,0
12/14/2016,0,0
12/15/2016,2,0.475618378
12/16/2016,0,0
12/17/2016,0,0
12/18/2016,0,0
12/19/2016,1,0.606625527
12/20/2016,5,3.110099042
12/21/2016,0,0
12/22/2016,0,0
12/23/2016,0,0
12/24/2016,1,0.894121268
12/25/2016,8,7.656222038
12/26/2016,0,0
12/27/2016,12,9.474170527
12/28/2016,0,0
12/29/2016,0,0
12/30/2016,0,0
12/31/2016,11,8.004020001
1/1/2017,7,0.962859765
1/2/2017,5,0.914523003
1/3/2017,0,0
1/4/2017,0,0
1/5/2017,0,0
1/6/2017,0,0
1/7/2017,0,0
1/8/2017,0,0
1/9/2017,4,3.596793936
1/10/2017,7,3.189354001
1/11/2017,0,0
1/12/2017,3,2.146195955
1/13/2017,6,5.391803813
1/14/2017,12,7.859854142
1/15/2017,0,0
1/16/2017,2,1.382033949
1/17/2017,7,5.529107753
1/18/2017,8,4.758131988
1/19/2017,8,1.335499247
1/20/2017,9,5.758267562
1/21/2017,0,0
1/22/2017,0,0
1/23/2017,0,0
1/24/2017,0,0
1/25/2017,0,0
1/26/2017,7,2.374772175
1/27/2017,0,0
1/28/2017,0,0
1/29/2017,12,1.480673059
1/30/2017,5,2.99704962
1/31/2017,1,0.354465759
2/1/2017,0,0
2/2/2017,0,0
2/3/2017,0,0
2/4/2017,6,2.27754016
2/5/2017,5,0.767793708
2/6/2017,0,0
2/7/2017,4,1.95674444
2/8/2017,0,0
2/9/2017,2,0.21231721
2/10/2017,8,2.670481472
2/11/2017,11,8.535234269
2/12/2017,0,0
2/13/2017,2,1.447686282
2/14/2017,11,5.551982065
2/15/2017,0,0
2/16/2017,0,0
2/17/2017,0,0
2/18/2017,0,0
2/19/2017,10,3.461467027
2/20/2017,0,0
2/21/2017,0,0
2/22/2017,0,0
2/23/2017,0,0
2/24/2017,0,0
2/25/2017,8,6.403748772
2/26/2017,0,0
2/27/2017,0,0
2/28/2017,0,0
3/1/2017,0,0
3/2/2017,9,4.643391553
3/3/2017,0,0
3/4/2017,2,1.779116233
3/5/2017,0,0
3/6/2017,1,0.028342312
3/7/2017,0,0
3/8/2017,0,0
3/9/2017,4,2.691506917
3/10/2017,0,0
3/11/2017,0,0
3/12/2017,0,0
3/13/2017,0,0
3/14/2017,0,0
3/15/2017,0,0
3/16/2017,0,0
3/17/2017,0,0
3/18/2017,0,0
3/19/2017,0,0
3/20/2017,0,0
3/21/2017,0,0
3/22/2017,0,0
3/23/2017,0,0
3/24/2017,0,0
3/25/2017,0,0
3/26/2017,0,0
3/27/2017,10,6.572290795
3/28/2017,0,0
3/29/2017,0,0
3/30/2017,11,4.327758492
3/31/2017,0,0
4/1/2017,1,0.441062861
4/2/2017,8,6.393900012
4/3/2017,12,0.340096573
4/4/2017,0,0
4/5/2017,6,3.419600213
4/6/2017,0,0
4/7/2017,3,2.024055751
4/8/2017,0,0
4/9/2017,0,0
4/10/2017,0,0
4/11/2017,11,5.959191483
4/12/2017,7,2.921572213
4/13/2017,1,0.245725191
4/14/2017,0,0
4/15/2017,1,0.035906023
4/16/2017,6,3.930003898
4/17/2017,0,0
4/18/2017,0,0
4/19/2017,6,0.84315145
4/20/2017,0,0
4/21/2017,10,9.378137201
4/22/2017,7,3.486046538
4/23/2017,0,0
4/24/2017,0,0
4/25/2017,0,0
4/26/2017,0,0
4/27/2017,4,3.42232081
4/28/2017,0,0
4/29/2017,0,0
4/30/2017,6,0.392826992
5/1/2017,0,0
5/2/2017,0,0
5/3/2017,6,5.76787529
5/4/2017,0,0
5/5/2017,0,0
5/6/2017,0,0
5/7/2017,0,0
5/8/2017,0,0
5/9/2017,0,0
5/10/2017,0,0
5/11/2017,0,0
5/12/2017,8,4.488845673
5/13/2017,11,3.694597287
5/14/2017,7,6.872817507
5/15/2017,1,0.686110017
5/16/2017,10,1.771946819
5/17/2017,6,4.379772225
5/18/2017,0,0
5/19/2017,0,0
5/20/2017,0,0
5/21/2017,0,0
5/22/2017,0,0
5/23/2017,0,0
5/24/2017,11,7.863628474
5/25/2017,0,0
5/26/2017,0,0
5/27/2017,0,0
5/28/2017,0,0
5/29/2017,0,0
5/30/2017,0,0
5/31/2017,0,0
6/1/2017,0,0
6/2/2017,0,0
6/3/2017,10,7.256502172
6/4/2017,7,6.759679748
6/5/2017,0,0
6/6/2017,0,0
6/7/2017,3,2.277418492
6/8/2017,0,0
6/9/2017,0,0
6/10/2017,11,5.265309582
6/11/2017,2,1.751825933
6/12/2017,11,6.488286613
6/13/2017,4,1.797695954
6/14/2017,12,0.141329672
6/15/2017,0,0
6/16/2017,0,0
6/17/2017,0,0
6/18/2017,0,0
6/19/2017,7,4.670889407
6/20/2017,8,0.064435888
6/21/2017,0,0
6/22/2017,8,7.361734454
6/23/2017,0,0
6/24/2017,0,0
6/25/2017,3,1.063265048
6/26/2017,0,0
6/27/2017,10,1.070518677
6/28/2017,0,0
6/29/2017,0,0
6/30/2017,0,0
7/1/2017,0,0
7/2/2017,0,0
7/3/2017,0,0
7/4/2017,4,0.881283539
7/5/2017,0,0
7/6/2017,0,0
7/7/2017,0,0
7/8/2017,0,0
7/9/2017,12,6.966347482
7/10/2017,6,1.013003704
7/11/2017,0,0
7/12/2017,0,0
7/13/2017,0,0
7/14/2017,2,1.137623413
7/15/2017,0,0
7/16/2017,0,0
7/17/2017,0,0
7/18/2017,0,0
7/19/2017,0,0
7/20/2017,0,0
7/21/2017,12,3.993104159
7/22/2017,9,8.594178493
7/23/2017,0,0
7/24/2017,10,6.516353258
7/25/2017,12,9.29858495
7/26/2017,12,5.614800166
7/27/2017,0,0
7/28/2017,4,2.153966638
7/29/2017,10,8.233389622
7/30/2017,0,0
7/31/2017,0,0
8/1/2017,0,0
8/2/2017,0,0
8/3/2017,12,6.749182685
8/4/2017,0,0
8/5/2017,0,0
8/6/2017,8,4.541398785
8/7/2017,7,0.670739897
8/8/2017,0,0
8/9/2017,9,0.576763745
8/10/2017,0,0
8/11/2017,0,0
8/12/2017,9,3.009681754
8/13/2017,0,0
8/14/2017,0,0
8/15/2017,0,0
8/16/2017,0,0
8/17/2017,6,5.436353088
8/18/2017,0,0
8/19/2017,0,0
8/20/2017,0,0
8/21/2017,7,3.093169318
8/22/2017,0,0
8/23/2017,12,6.795878582
8/24/2017,0,0
8/25/2017,0,0
8/26/2017,4,1.857315538
8/27/2017,0,0
8/28/2017,0,0
8/29/2017,9,5.018592699
8/30/2017,0,0
8/31/2017,0,0
9/1/2017,0,0
9/2/2017,0,0
9/3/2017,1,0.28245845
9/4/2017,0,0
9/5/2017,0,0
9/6/2017,9,4.34082584
9/7/2017,10,7.392923401
9/8/2017,10,5.651548017
9/9/2017,0,0
9/10/2017,0,0
9/11/2017,0,0
9/12/2017,2,0.562262853
9/13/2017,2,1.369567506
9/14/2017,0,0
9/15/2017,0,0
9/16/2017,0,0
9/17/2017,0,0
9/18/2017,0,0
9/19/2017,6,1.80131102
9/20/2017,0,0
9/21/2017,0,0
9/22/2017,5,1.988586443
9/23/2017,0,0
9/24/2017,2,0.630922129
9/25/2017,0,0
9/26/2017,1,0.320223306
9/27/2017,0,0
9/28/2017,0,0
9/29/2017,0,0
9/30/2017,12,5.436756677
10/1/2017,0,0
10/2/2017,0,0
10/3/2017,7,0.884225882
10/4/2017,0,0
10/5/2017,0,0
10/6/2017,10,7.04494895
10/7/2017,6,0.477894212
10/8/2017,0,0
10/9/2017,4,3.715446251
10/10/2017,12,2.090791242
10/11/2017,9,1.993504063
10/12/2017,0,0
10/13/2017,1,0.271971517
10/14/2017,5,2.990312177
10/15/2017,11,6.849760173
10/16/2017,0,0
10/17/2017,0,0
10/18/2017,0,0
10/19/2017,9,2.09027381
10/20/2017,0,0
10/21/2017,0,0
10/22/2017,0,0
10/23/2017,0,0
10/24/2017,7,1.660521993
10/25/2017,0,0
10/26/2017,0,0
10/27/2017,5,1.395106753
10/28/2017,0,0
10/29/2017,8,5.496512505
10/30/2017,0,0
10/31/2017,0,0
11/1/2017,0,0
11/2/2017,0,0
11/3/2017,0,0
11/4/2017,12,0.354631701
11/5/2017,0,0
11/6/2017,0,0
11/7/2017,1,0.260054781
11/8/2017,0,0
11/9/2017,0,0
11/10/2017,1,0.802895303
11/11/2017,2,0.781959759
11/12/2017,0,0
11/13/2017,0,0
11/14/2017,6,5.265746773
11/15/2017,0,0
11/16/2017,0,0
11/17/2017,0,0
11/18/2017,0,0
11/19/2017,0,0
11/20/2017,9,4.311771053
11/21/2017,0,0
11/22/2017,5,1.371027372
11/23/2017,0,0
11/24/2017,4,3.59232592
11/25/2017,0,0
11/26/2017,8,2.42710133
11/27/2017,0,0
11/28/2017,1,0.994405438
11/29/2017,7,5.58950158
11/30/2017,0,0
12/1/2017,11,2.172270976
12/2/2017,0,0
12/3/2017,6,3.701692334
12/4/2017,12,6.098452295
12/5/2017,0,0
12/6/2017,0,0
12/7/2017,0,0
12/8/2017,6,5.314753789
12/9/2017,0,0
12/10/2017,9,5.427610275
12/11/2017,0,0
12/12/2017,0,0
12/13/2017,7,1.86638859
12/14/2017,0,0
12/15/2017,8,6.725565393
12/16/2017,12,2.473809827
12/17/2017,0,0
12/18/2017,0,0
12/19/2017,0,0
12/20/2017,4,3.590936096
12/21/2017,0,0
12/22/2017,0,0
12/23/2017,0,0
12/24/2017,8,0.894726197
12/25/2017,6,1.80871723
12/26/2017,0,0
12/27/2017,0,0
12/28/2017,12,0.785161139
12/29/2017,0,0
12/30/2017,12,9.108340326
12/31/2017,0,0
1/1/2018,0,0
1/2/2018,0,0
1/3/2018,8,6.288382586
1/4/2018,0,0
1/5/2018,0,0
1/6/2018,0,0
1/7/2018,0,0
1/8/2018,9,4.413499603
1/9/2018,1,0.529918743
1/10/2018,0,0
1/11/2018,9,2.995878204
1/12/2018,0,0
1/13/2018,0,0
1/14/2018,10,6.545453896
1/15/2018,0,0
1/16/2018,11,8.880238567
1/17/2018,0,0
1/18/2018,5,0.108930066
1/19/2018,0,0
1/20/2018,0,0
1/21/2018,0,0
1/22/2018,0,0
1/23/2018,4,0.803040241
1/24/2018,0,0
1/25/2018,2,0.588786412
1/26/2018,10,3.546124426
1/27/2018,1,0.809193224
1/28/2018,0,0
1/29/2018,7,3.564479687
1/30/2018,0,0
1/31/2018,11,8.123804236
2/1/2018,0,0
2/2/2018,0,0
2/3/2018,0,0
2/4/2018,0,0
2/5/2018,0,0
2/6/2018,12,5.488973774
2/7/2018,0,0
2/8/2018,0,0
2/9/2018,0,0
2/10/2018,0,0
2/11/2018,0,0
2/12/2018,0,0
2/13/2018,9,1.102366252
2/14/2018,0,0
2/15/2018,0,0
2/16/2018,12,5.558845488
2/17/2018,0,0
2/18/2018,10,6.604301826
2/19/2018,0,0
2/20/2018,0,0
2/21/2018,0,0
2/22/2018,0,0
2/23/2018,0,0
2/24/2018,1,0.80915334
2/25/2018,0,0
2/26/2018,9,2.720645091
2/27/2018,0,0
2/28/2018,0,0
3/1/2018,0,0
3/2/2018,0,0
3/3/2018,0,0
3/4/2018,0,0
3/5/2018,0,0
3/6/2018,10,5.478693023
3/7/2018,0,0
3/8/2018,6,0.338559137
3/9/2018,0,0
3/10/2018,0,0
3/11/2018,0,0
3/12/2018,0,0
3/13/2018,1,0.52721684
3/14/2018,0,0
3/15/2018,3,2.326145503
3/16/2018,0,0
3/17/2018,0,0
3/18/2018,2,0.921046603
3/19/2018,0,0
3/20/2018,0,0
3/21/2018,0,0
3/22/2018,0,0
3/23/2018,0,0
3/24/2018,9,0.534223389
3/25/2018,0,0
3/26/2018,0,0
3/27/2018,0,0
3/28/2018,0,0
3/29/2018,4,0.20469368
3/30/2018,0,0
3/31/2018,0,0
4/1/2018,1,0.157411153
4/2/2018,12,7.248192078
4/3/2018,5,4.524412821
4/4/2018,0,0
4/5/2018,6,4.803337415
4/6/2018,0,0
4/7/2018,6,5.077474251
4/8/2018,0,0
4/9/2018,0,0
4/10/2018,0,0
4/11/2018,2,0.187537478
4/12/2018,0,0
4/13/2018,0,0
4/14/2018,9,6.668207817
4/15/2018,8,2.594622795
4/16/2018,0,0
4/17/2018,0,0
4/18/2018,0,0
4/19/2018,0,0
4/20/2018,10,1.340387099
4/21/2018,0,0
4/22/2018,0,0
4/23/2018,0,0
4/24/2018,0,0
4/25/2018,1,0.72731711
4/26/2018,4,3.329964894
4/27/2018,0,0
4/28/2018,0,0
4/29/2018,0,0
4/30/2018,10,1.794358113
5/1/2018,11,2.677365302
5/2/2018,0,0
5/3/2018,0,0
5/4/2018,12,1.547531276
5/5/2018,0,0
5/6/2018,0,0
5/7/2018,8,2.242352594
5/8/2018,0,0
5/9/2018,0,0
5/10/2018,0,0
5/11/2018,0,0
5/12/2018,1,0.740928828
5/13/2018,0,0
5/14/2018,11,3.812514423
5/15/2018,0,0
5/16/2018,4,1.722520239
5/17/2018,3,1.452253313
5/18/2018,0,0
5/19/2018,0,0
5/20/2018,0,0
5/21/2018,0,0
5/22/2018,0,0
5/23/2018,0,0
5/24/2018,0,0
5/25/2018,0,0
5/26/2018,0,0
5/27/2018,0,0
5/28/2018,0,0
5/29/2018,0,0
5/30/2018,0,0
5/31/2018,0,0
6/1/2018,8,3.595110517
6/2/2018,4,1.158687431
6/3/2018,0,0
6/4/2018,7,4.799570932
6/5/2018,0,0
6/6/2018,3,1.296897028
6/7/2018,5,4.187204296
6/8/2018,0,0
6/9/2018,0,0
6/10/2018,0,0
6/11/2018,0,0
6/12/2018,0,0
6/13/2018,0,0
6/14/2018,1,0.658363702
6/15/2018,6,0.714883606
6/16/2018,1,0.960578995
6/17/2018,0,0
6/18/2018,0,0
6/19/2018,0,0
6/20/2018,10,5.827511668
6/21/2018,2,0.344100144
6/22/2018,0,0
6/23/2018,0,0
6/24/2018,0,0
6/25/2018,0,0
6/26/2018,2,1.957683248
6/27/2018,0,0
6/28/2018,3,1.286353453
6/29/2018,0,0
6/30/2018,0,0
7/1/2018,0,0
7/2/2018,0,0
7/3/2018,12,0.737569434
7/4/2018,0,0
7/5/2018,11,5.463913125
7/6/2018,0,0
7/7/2018,0,0
7/8/2018,6,3.105257919
7/9/2018,0,0
7/10/2018,0,0
7/11/2018,0,0
7/12/2018,5,3.412027368
7/13/2018,6,3.953786215
7/14/2018,6,3.212538578
7/15/2018,1,0.175003575
7/16/2018,0,0
7/17/2018,0,0
7/18/2018,0,0
7/19/2018,8,7.357479674
7/20/2018,10,1.352533397
7/21/2018,0,0
7/22/2018,8,4.52406027
7/23/2018,0,0
7/24/2018,2,1.464787192
7/25/2018,0,0
7/26/2018,0,0
7/27/2018,0,0
7/28/2018,7,5.466165018
7/29/2018,3,0.342932672
7/30/2018,0,0
7/31/2018,0,0
8/1/2018,0,0
8/2/2018,5,2.850518155
8/3/2018,0,0
8/4/2018,0,0
8/5/2018,0,0
8/6/2018,9,8.276964
8/7/2018,0,0
8/8/2018,0,0
8/9/2018,11,7.308192475
8/10/2018,0,0
8/11/2018,0,0
8/12/2018,8,3.219766052
8/13/2018,0,0
8/14/2018,7,1.083221735
8/15/2018,7,6.853542772
8/16/2018,9,8.881303544
8/17/2018,0,0
8/18/2018,4,3.471471562
8/19/2018,9,6.789004891
8/20/2018,0,0
8/21/2018,12,10.48296573
8/22/2018,1,0.313055638
8/23/2018,3,0.711487396
8/24/2018,0,0
8/25/2018,4,0.550521584
8/26/2018,0,0
8/27/2018,0,0
8/28/2018,0,0
8/29/2018,6,3.770728334
8/30/2018,3,1.040082284
8/31/2018,9,7.946958633
9/1/2018,0,0
9/2/2018,0,0
9/3/2018,3,2.089774132
9/4/2018,2,1.253515694
9/5/2018,0,0
9/6/2018,6,2.887696176
9/7/2018,0,0
9/8/2018,0,0
9/9/2018,0,0
9/10/2018,0,0
9/11/2018,0,0
9/12/2018,0,0
9/13/2018,11,4.444664148
9/14/2018,0,0
9/15/2018,0,0
9/16/2018,0,0
9/17/2018,0,0
9/18/2018,0,0
9/19/2018,0,0
9/20/2018,0,0
9/21/2018,10,0.875975906
9/22/2018,11,1.167549231
9/23/2018,0,0
9/24/2018,0,0
9/25/2018,0,0
9/26/2018,5,0.642503105
9/27/2018,12,4.75699751
9/28/2018,4,0.593059021
9/29/2018,3,1.681097253
9/30/2018,1,0.091664277
10/1/2018,0,0
10/2/2018,2,0.056515311
10/3/2018,0,0
10/4/2018,0,0
10/5/2018,1,0.624170764
10/6/2018,0,0
10/7/2018,8,6.120951414
10/8/2018,0,0
10/9/2018,2,0.044432279
10/10/2018,1,0.522311247
10/11/2018,4,2.636299659
10/12/2018,11,7.495044719
10/13/2018,0,0
10/14/2018,0,0
10/15/2018,0,0
10/16/2018,0,0
10/17/2018,0,0
10/18/2018,10,2.091462995
10/19/2018,0,0
10/20/2018,0,0
10/21/2018,0,0
10/22/2018,0,0
10/23/2018,0,0
10/24/2018,0,0
10/25/2018,0,0
10/26/2018,6,4.964311883
10/27/2018,12,8.334286787
10/28/2018,0,0
10/29/2018,1,0.86081204
10/30/2018,0,0
10/31/2018,12,6.893697488
11/1/2018,0,0
11/2/2018,1,0.751765629
11/3/2018,8,2.960743979
11/4/2018,2,0.057719029
11/5/2018,0,0
11/6/2018,0,0
11/7/2018,0,0
11/8/2018,0,0
11/9/2018,1,0.743557771
11/10/2018,10,0.413681577
11/11/2018,0,0
11/12/2018,0,0
11/13/2018,0,0
11/14/2018,0,0
11/15/2018,0,0
11/16/2018,0,0
11/17/2018,5,3.801381643
11/18/2018,0,0
11/19/2018,0,0
11/20/2018,2,1.615089557
11/21/2018,9,2.646262991
11/22/2018,7,6.974085593
11/23/2018,0,0
11/24/2018,0,0
11/25/2018,0,0
11/26/2018,0,0
11/27/2018,0,0
11/28/2018,6,1.918647309
11/29/2018,0,0
11/30/2018,2,0.612883297
12/1/2018,0,0
12/2/2018,0,0
12/3/2018,12,9.688848709
12/4/2018,0,0
12/5/2018,0,0
12/6/2018,0,0
12/7/2018,9,5.019045492
12/8/2018,0,0
12/9/2018,12,10.81075052
12/10/2018,4,1.058707041
12/11/2018,0,0
12/12/2018,0,0
12/13/2018,0,0
12/14/2018,0,0
12/15/2018,0,0
12/16/2018,0,0
12/17/2018,0,0
12/18/2018,0,0
12/19/2018,0,0
12/20/2018,0,0
12/21/2018,12,7.286110045
12/22/2018,7,2.791185556
12/23/2018,0,0
12/24/2018,0,0
12/25/2018,11,5.922142909
12/26/2018,0,0
12/27/2018,4,2.782368636
12/28/2018,0,0
12/29/2018,0,0
12/30/2018,0,0
12/31/2018,0,0
1/1/2019,0,0
1/2/2019,7,2.414667008
1/3/2019,0,0
1/4/2019,11,5.19199602
1/5/2019,0,0
1/6/2019,0,0
1/7/2019,0,0
1/8/2019,0,0
1/9/2019,0,0
1/10/2019,0,0
1/11/2019,2,1.736573805
1/12/2019,1,0.845840192
1/13/2019,0,0
1/14/2019,0,0
1/15/2019,9,5.876209284
1/16/2019,10,0.527944657
1/17/2019,0,0
1/18/2019,6,5.487421969
1/19/2019,7,1.072972986
1/20/2019,0,0
1/21/2019,0,0
1/22/2019,0,0
1/23/2019,1,0.681903217
1/24/2019,0,0
1/25/2019,0,0
1/26/2019,0,0
1/27/2019,0,0
1/28/2019,9,2.01715182
1/29/2019,0,0
1/30/2019,0,0
1/31/2019,0,0
